Name,Date,Days since incident,Form of Incident,Key Motivation,Fatalities,Injured,Details/Description,Extra-Parliamentary Groups and Networks,PB Role,City,State/Province/Region,Country,Source,Source 2,Source 3,Date added,Note,Contested,Attachments,Location,Notes,Party,Party Name (from Party)
"Placerville, California, USA",12/5/20,167,"Disruption,Intimidation,Instigation",Pro Trump,0,0,"Proud Boys flash ok symbol in racist hoodies, ignore the toy drive's COVID guidelines by congregating in close proximity on foot.  Placerville's mayor states the group's presence makes it uncomfortable for tourists and businesses,  condemns the group's presence and ganglike behavior. Local police condemn the Proud Boys for using the Toys for Tots event to push a political agenda. 
",Proud Boys,,Placerville,California,USA,https://www.sacbee.com/news/local/article247694565.html,https://www.facebook.com/PlacervillePolice/posts/1557795314419610,,18/5/2021 8:44am,"Hangtown was Placerville's original name. Racial symbols i.e. the noose, were seen on Proud Boys attire.",,,"Placerville, California, USA",🔵 eyJpIjoiQ2FsaWZvcm5pYSIsIm8iOnsic3RhdHVzIjoiT0siLCJmb3JtYXR0ZWRBZGRyZXNzIjoiQ2FsaWZvcm5pYSwgVVNBIiwibGF0IjozNi43NzgyNjEsImxuZyI6LTExOS40MTc5MzI0LCJibG9ja0luc3RhbGxhdGlvbklkcyI6WyJibGlzalUzT2ZnNHpBYU93bCJdLCJsb2NhdGlvbkZpZWxkSWQiOiJmbGRrYzNDM0NBYzhiVmp1USJ9LCJlIjoxNjIzOTEyMjQ4ODgyfQ==,,
"Atlanta, Georgia, USA",11/18/20,184,"Intimidation,Propaganda","neofascism,neo-nazism,Anti Left",0,0,"Alex Jones, Known Disinformation and Conspiracy Theory Influencer, Leads 'Stop the Steal' Rally at Georgia's Capitol to Protest Election Results. Proud Boys Chairman Enrique Tarrio in attendance.","Proud Boys,Infowars Crew",,Atlanta,Georgia,USA,https://www.newsweek.com/alex-jones-leads-stop-steal-rally-georgias-capitol-protest-election-results-1548533,https://www.dailymail.co.uk/video/news/video-2295842/Video-Alex-Jones-attends-Stop-Steal-rally-Georgia.html,,18/5/2021 8:35am,,,,"Atlanta, Georgia, USA",🔵 eyJpIjoiR2VvcmdpYSIsIm8iOnsic3RhdHVzIjoiT0siLCJmb3JtYXR0ZWRBZGRyZXNzIjoiR2VvcmdpYSwgVVNBIiwibGF0IjozMi4xNjU2MjIxLCJsbmciOi04Mi45MDAwNzUxLCJibG9ja0luc3RhbGxhdGlvbklkcyI6WyJibGlzalUzT2ZnNHpBYU93bCJdLCJsb2NhdGlvbkZpZWxkSWQiOiJmbGRrYzNDM0NBYzhiVmp1USJ9LCJlIjoxNjIzOTExNzM1ODUwfQ==,,
"Washington, District of Columbia, USA",11/14/20,188,"Intimidation,Election Interference,March","Anti Anti-Fascist,neofascism",0,0,"The Million MAGA March was planned to support Mr. Trump's false claims that the election was rigged. Multiple pro Trump, ""anti-antifascist"" organizers including the extremist groups Proud Boys and Patriot Prayer co-attended. Eyewitness accounts estimate 100,000 rallygoers and counter protestors attended. 20 people were arrested following collutations between pro and anti-Trump groups.","Proud Boys,Women For America First,Oathkeepers,Three Percenters,Groypers,Flat Earthers,Qanon",,Washington,District of Columbia,USA,https://www.cnn.com/2020/11/14/us/trump-washington-voters-rally-far-right/index.html,https://www.reuters.com/article/uk-factcheck-million-maga-march-estimate-idUSKBN27Z2KI,,18/5/2021 8:36am,,,,"Washington, District of Columbia, USA",🔵 eyJpIjoiRGlzdHJpY3Qgb2YgQ29sdW1iaWEiLCJvIjp7InN0YXR1cyI6Ik9LIiwiZm9ybWF0dGVkQWRkcmVzcyI6Ildhc2hpbmd0b24sIERDLCBVU0EiLCJsYXQiOjM4LjkwNzE5MjMsImxuZyI6LTc3LjAzNjg3MDcsImJsb2NrSW5zdGFsbGF0aW9uSWRzIjpbImJsaXNqVTNPZmc0ekFhT3dsIl0sImxvY2F0aW9uRmllbGRJZCI6ImZsZGtjM0MzQ0FjOGJWanVRIn0sImUiOjE2MjM5MTE3NjQ2NDF9,,
"Dickinson, North Dakota, USA",10/28/20,205,"Intimidation,Threats of violence","Pro Trump,Anti Anti-Fascist",0,0,"An email sent to The Dickinson Press stated, ""I will blow up the voting location in Stark Co.,"" and it was signed by ""The Proud Boys.""",Proud Boys,,Dickinson,North Dakota,USA,https://www.grandforksherald.com/news/crime-and-courts/6739905-North-Dakota-man-arrested-for-threatening-to-blow-up-voting-location,https://www.newsweek.com/self-professed-proud-boy-arrested-after-allegedly-threatening-blow-north-dakota-voting-location-1543696,,18/5/2021 8:36am,,,,"Dickinson, North Dakota, USA",🔵 eyJpIjoiTm9ydGggRGFrb3RhIiwibyI6eyJzdGF0dXMiOiJPSyIsImZvcm1hdHRlZEFkZHJlc3MiOiJOb3J0aCBEYWtvdGEsIFVTQSIsImxhdCI6NDcuNTUxNDkyNiwibG5nIjotMTAxLjAwMjAxMTksImJsb2NrSW5zdGFsbGF0aW9uSWRzIjpbImJsaXNqVTNPZmc0ekFhT3dsIl0sImxvY2F0aW9uRmllbGRJZCI6ImZsZGtjM0MzQ0FjOGJWanVRIn0sImUiOjE2MjM5MTE3NzAwOTd9,,
"Portland, Oregon, USA",9/7/20,256,"Intimidation,Assault","Pro Trump,Anti-BLM",0,3,"Trump supporters caravan south of Portland for ""Trump Cruise Rally"", head to Salem, attack counter protestors. ","Proud Boys,Qanon,Blue Lives Matter,Patriot Prayer",,Portland,Oregon,USA,https://theweek.com/speedreads/936208/trump-supporters-caravan-south-portland-head-salem-attack-counterprotesters,https://twitter.com/MrOlmos/status/1303107492096794625?ref_src=twsrc%5Etfw%7Ctwcamp%5Etweetembed%7Ctwterm%5E1303110704350728193%7Ctwgr%5Eshare_3&ref_url=https%3A%2F%2Ftheweek.com%2Fspeedreads%2F936208%2Ftrump-supporters-caravan-south-portland-head-salem-attack-counterprotesters,,19/5/2021 1:11pm,,,,"Portland, Oregon, USA",🔵 eyJpIjoiT3JlZ29uIiwibyI6eyJzdGF0dXMiOiJPSyIsImZvcm1hdHRlZEFkZHJlc3MiOiJPcmVnb24sIFVTQSIsImxhdCI6NDMuODA0MTMzNCwibG5nIjotMTIwLjU1NDIwMTIsImJsb2NrSW5zdGFsbGF0aW9uSWRzIjpbImJsaXNqVTNPZmc0ekFhT3dsIl0sImxvY2F0aW9uRmllbGRJZCI6ImZsZGtjM0MzQ0FjOGJWanVRIn0sImUiOjE2MjQwMTQ2NzI3NzN9,,
"Portland, Oregon, USA",8/22/20,272,Assault,Anti Left,,,Proud Boy local leader Alan Swinney brandishes weapon during clash.,Proud Boys,,Portland,Oregon,USA,https://www.huffpost.com/entry/portland-police-far-right-proud-boys_n_5f4417f6c5b6c00d03b29826?zp,,https://twitter.com/AndyBCampbell/status/1298244507276840960?s=20,19/5/2021 1:10pm,I'm not sure this one fits our definition of a hate crime ,,,"Portland, Oregon, USA",🔵 eyJpIjoiT3JlZ29uIiwibyI6eyJzdGF0dXMiOiJPSyIsImZvcm1hdHRlZEFkZHJlc3MiOiJPcmVnb24sIFVTQSIsImxhdCI6NDMuODA0MTMzNCwibG5nIjotMTIwLjU1NDIwMTIsImJsb2NrSW5zdGFsbGF0aW9uSWRzIjpbImJsaXNqVTNPZmc0ekFhT3dsIl0sImxvY2F0aW9uRmllbGRJZCI6ImZsZGtjM0MzQ0FjOGJWanVRIn0sImUiOjE2MjQwMTQ2NDE0MjN9,,
"Philadelphia, Pennsylvania, USA",7/9/20,316,Recruitment,,0,0,Proud Boys co-attend Back The Blue Pence after party at fraternal order of police headquarters in Philadelphia. ,Proud Boys,,Philadelphia,Pennsylvania,USA,https://www.thedailybeast.com/how-the-proud-boys-became-roger-stones-personal-army-6,,,18/5/2021 8:35am,,,,"Philadelphia, Pennsylvania, USA",🔵 eyJpIjoiUGVubnN5bHZhbmlhIiwibyI6eyJzdGF0dXMiOiJPSyIsImZvcm1hdHRlZEFkZHJlc3MiOiJQZW5uc3lsdmFuaWEsIFVTQSIsImxhdCI6NDEuMjAzMzIxNiwibG5nIjotNzcuMTk0NTI0NywiYmxvY2tJbnN0YWxsYXRpb25JZHMiOlsiYmxpc2pVM09mZzR6QWFPd2wiXSwibG9jYXRpb25GaWVsZElkIjoiZmxka2MzQzNDQWM4YlZqdVEifSwiZSI6MTYyMzkxMTc1MDc0M30=,,
"Washington, DC, USA",7/4/20,321,,Pro Trump,,,Donald Trump 4th of July Speech,Proud Boys,Coattended,Washington,DC,USA,https://twitter.com/realDonaldTrump/status/1279510068606701568?s=20 https://twitter.com/ShawnMcCreesh/status/1279554292580564993?s=20,,,18/5/2021 8:36am,SOURCES,checked,,"Washington, DC, USA",🔵 eyJpIjoiREMiLCJvIjp7InN0YXR1cyI6Ik9LIiwiZm9ybWF0dGVkQWRkcmVzcyI6IjkwNiBTaWdnaW5zIFN0LCBDb2ZmZXl2aWxsZSwgS1MgNjczMzcsIFVTQSIsImxhdCI6MzcuMDM0NDU5NCwibG5nIjotOTUuNjU0MDEwMzk5OTk5OTksImJsb2NrSW5zdGFsbGF0aW9uSWRzIjpbImJsaXNqVTNPZmc0ekFhT3dsIl0sImxvY2F0aW9uRmllbGRJZCI6ImZsZGtjM0MzQ0FjOGJWanVRIn0sImUiOjE2MjM5MTE3OTMzMzJ9,,
"Prescott, Arizona, USA",7/4/20,321,,,,,4th of July Gathering,"Proud Boys,Oathkeepers",Coattended,Prescott,Arizona,USA,https://twitter.com/nickmartin/status/1279517945220100096?s=20,,,18/5/2021 8:38am,SOURCES,checked,,"Prescott, Arizona, USA",🔵 eyJpIjoiQXJpem9uYSIsIm8iOnsic3RhdHVzIjoiT0siLCJmb3JtYXR0ZWRBZGRyZXNzIjoiQXJpem9uYSwgVVNBIiwibGF0IjozNC4wNDg5MjgxLCJsbmciOi0xMTEuMDkzNzMxMSwiYmxvY2tJbnN0YWxsYXRpb25JZHMiOlsiYmxpc2pVM09mZzR6QWFPd2wiXSwibG9jYXRpb25GaWVsZElkIjoiZmxka2MzQzNDQWM4YlZqdVEifSwiZSI6MTYyMzkxMTkzNTQ0MX0=,,
"Salem, Oregon, USA",7/4/20,321,Intimidation,Anti-BLM,,,BLM Protest,"Proud Boys,Qanon",Targeted,Salem,Oregon,USA,https://twitter.com/hungrybowtie/status/1279506620519604224?s=20,,,18/5/2021 8:38am,SOURCES,checked,,"Salem, Oregon, USA",🔵 eyJpIjoiT3JlZ29uIiwibyI6eyJzdGF0dXMiOiJPSyIsImZvcm1hdHRlZEFkZHJlc3MiOiJPcmVnb24sIFVTQSIsImxhdCI6NDMuODA0MTMzNCwibG5nIjotMTIwLjU1NDIwMTIsImJsb2NrSW5zdGFsbGF0aW9uSWRzIjpbImJsaXNqVTNPZmc0ekFhT3dsIl0sImxvY2F0aW9uRmllbGRJZCI6ImZsZGtjM0MzQ0FjOGJWanVRIn0sImUiOjE2MjM5MTE5MTg5MzN9,,
"Seattle, Washington, USA",7/4/20,321,,,,,4th of July Protests,Proud Boys,Coattended,Seattle,Washington,USA,,,,18/5/2021 8:37am,SOURCES,checked,,"Seattle, Washington, USA",🔵 eyJpIjoiV2FzaGluZ3RvbiIsIm8iOnsic3RhdHVzIjoiT0siLCJmb3JtYXR0ZWRBZGRyZXNzIjoiV2FzaGluZ3RvbiwgVVNBIiwibGF0Ijo0Ny43NTEwNzQxLCJsbmciOi0xMjAuNzQwMTM4NSwiYmxvY2tJbnN0YWxsYXRpb25JZHMiOlsiYmxpc2pVM09mZzR6QWFPd2wiXSwibG9jYXRpb25GaWVsZElkIjoiZmxka2MzQzNDQWM4YlZqdVEifSwiZSI6MTYyMzkxMTg3NjQzM30=,,
"Seattle, Washington, USA",7/4/20,321,,,,,4th of July Protests,Proud Boys,Coattended,Seattle,Washington,USA,,,,19/5/2021 1:10pm,SOURCES,checked,,"Seattle, Washington, USA",🔵 eyJpIjoiV2FzaGluZ3RvbiIsIm8iOnsic3RhdHVzIjoiT0siLCJmb3JtYXR0ZWRBZGRyZXNzIjoiV2FzaGluZ3RvbiwgVVNBIiwibGF0Ijo0Ny43NTEwNzQxLCJsbmciOi0xMjAuNzQwMTM4NSwiYmxvY2tJbnN0YWxsYXRpb25JZHMiOlsiYmxpc2pVM09mZzR6QWFPd2wiXSwibG9jYXRpb25GaWVsZElkIjoiZmxka2MzQzNDQWM4YlZqdVEifSwiZSI6MTYyNDAxNDY1NjcxNH0=,,
"Carson City, Nevada, USA",5/2/20,384,,,,,"Reopen Protest in Carson City, Protestors marched to governor's mansion.",Proud Boys,Coattended,Carson City,Nevada,USA,https://www.rgj.com/picture-gallery/news/2020/05/02/photos-protesters-encroach-governors-mansion-carson-city/3073542001/,,,18/5/2021 8:36am,,,,"Carson City, Nevada, USA",🔵 eyJpIjoiTmV2YWRhIiwibyI6eyJzdGF0dXMiOiJPSyIsImZvcm1hdHRlZEFkZHJlc3MiOiJOZXZhZGEsIFVTQSIsImxhdCI6MzguODAyNjA5NywibG5nIjotMTE2LjQxOTM4OSwiYmxvY2tJbnN0YWxsYXRpb25JZHMiOlsiYmxpc2pVM09mZzR6QWFPd2wiXSwibG9jYXRpb25GaWVsZElkIjoiZmxka2MzQzNDQWM4YlZqdVEifSwiZSI6MTYyMzkxMTc3MDgyNn0=,,
"Traverse City, Michigan, USA",3/4/20,443,,,,,The Disruption of Commisioner Meeting 2nd Ammendment Resolution,Proud Boys,Targeted,Traverse City,Michigan,USA,https://www.record-eagle.com/news/local_news/grand-traverse-county-becomes-nd-amendment-sanctuary/article_804a047c-5e1f-11ea-9c8e-c30d3b9b0e65.html,,,18/5/2021 8:38am,,,,"Traverse City, Michigan, USA",🔵 eyJpIjoiTWljaGlnYW4iLCJvIjp7InN0YXR1cyI6Ik9LIiwiZm9ybWF0dGVkQWRkcmVzcyI6Ik1pY2hpZ2FuLCBVU0EiLCJsYXQiOjQ0LjMxNDg0NDMsImxuZyI6LTg1LjYwMjM2NDI5OTk5OTk5LCJibG9ja0luc3RhbGxhdGlvbklkcyI6WyJibGlzalUzT2ZnNHpBYU93bCJdLCJsb2NhdGlvbkZpZWxkSWQiOiJmbGRrYzNDM0NBYzhiVmp1USJ9LCJlIjoxNjIzOTExOTE2OTQxfQ==,,
"Silver Springs, Colorado, USA",2/20/20,456,,Pro Trump,,,Keep America Great Rally,Proud Boys,Coattended,Silver Springs,Colorado,USA,https://www.9news.com/article/news/politics/trump-keep-america-great-rally/73-e33a3960-0874-4954-9e13-39d839e9d6f9,,,18/5/2021 8:37am,,,,"Silver Springs, Colorado, USA",🔵 eyJpIjoiQ29sb3JhZG8iLCJvIjp7InN0YXR1cyI6Ik9LIiwiZm9ybWF0dGVkQWRkcmVzcyI6IkNvbG9yYWRvLCBVU0EiLCJsYXQiOjM5LjU1MDA1MDcsImxuZyI6LTEwNS43ODIwNjc0LCJibG9ja0luc3RhbGxhdGlvbklkcyI6WyJibGlzalUzT2ZnNHpBYU93bCJdLCJsb2NhdGlvbkZpZWxkSWQiOiJmbGRrYzNDM0NBYzhiVmp1USJ9LCJlIjoxNjIzOTExODQzODI4fQ==,,
"Langhorne, Pennsylvania, USA",12/17/19,521,Intimidation,,,,Proud Boys attempt to intimidate protestors at Indivisible PA rally on Impeachment Eve,Proud Boys,Targeted,Langhorne,Pennsylvania,USA,https://t.co/GL7GevlhQo?amp=1,,,18/5/2021 8:36am,SOURCES - SITE UNAVAILABLE,checked,,"Langhorne, Pennsylvania, USA",🔵 eyJpIjoiUGVubnN5bHZhbmlhIiwibyI6eyJzdGF0dXMiOiJPSyIsImZvcm1hdHRlZEFkZHJlc3MiOiJQZW5uc3lsdmFuaWEsIFVTQSIsImxhdCI6NDEuMjAzMzIxNiwibG5nIjotNzcuMTk0NTI0NywiYmxvY2tJbnN0YWxsYXRpb25JZHMiOlsiYmxpc2pVM09mZzR6QWFPd2wiXSwibG9jYXRpb25GaWVsZElkIjoiZmxka2MzQzNDQWM4YlZqdVEifSwiZSI6MTYyMzkxMTc4NDMzM30=,,
"San Francisco, California, USA",12/7/19,531,,,,,"Omar Navarro, Congressional Candidate arrested on 3 felony charges: felony stalking, criminal threats, and attempted extortion. ",Proud Boys,Individual Group Member Involvement,San Francisco,California,USA,https://twitter.com/gwensnyderPHL/status/1145725835908980737,,,18/5/2021 8:37am,SOURCES,checked,,"San Francisco, California, USA",🔵 eyJpIjoiQ2FsaWZvcm5pYSIsIm8iOnsic3RhdHVzIjoiT0siLCJmb3JtYXR0ZWRBZGRyZXNzIjoiQ2FsaWZvcm5pYSwgVVNBIiwibGF0IjozNi43NzgyNjEsImxuZyI6LTExOS40MTc5MzI0LCJibG9ja0luc3RhbGxhdGlvbklkcyI6WyJibGlzalUzT2ZnNHpBYU93bCJdLCJsb2NhdGlvbkZpZWxkSWQiOiJmbGRrYzNDM0NBYzhiVmp1USJ9LCJlIjoxNjIzOTExODM4ODkzfQ==,,
"Fennville, Michigan, USA",12/2/19,536,,,,,The Appointment of Proud Boy Morgan Bolles to Commisioner,Proud Boys,Organized,Fennville,Michigan,USA,https://www.detroitnews.com/story/news/local/michigan/2020/02/03/fennville-commissioners-links-controversial-proud-boys-splits-town/4643133002/,,,18/5/2021 8:36am,,,,"Fennville, Michigan, USA",🔵 eyJpIjoiTWljaGlnYW4iLCJvIjp7InN0YXR1cyI6Ik9LIiwiZm9ybWF0dGVkQWRkcmVzcyI6Ik1pY2hpZ2FuLCBVU0EiLCJsYXQiOjQ0LjMxNDg0NDMsImxuZyI6LTg1LjYwMjM2NDI5OTk5OTk5LCJibG9ja0luc3RhbGxhdGlvbklkcyI6WyJibGlzalUzT2ZnNHpBYU93bCJdLCJsb2NhdGlvbkZpZWxkSWQiOiJmbGRrYzNDM0NBYzhiVmp1USJ9LCJlIjoxNjIzOTExNzk5MzQwfQ==,,
"Portland, Oregon, USA",11/10/19,558,,,,,Attempted Intimidation of Lindsay Ayling,Proud Boys,Targeted,Portland,Oregon,USA,https://twitter.com/rockyhorrorrr/status/1193659696001015810?s=20,,,18/5/2021 8:58am,SOURCES,checked,,"Portland, Oregon, USA",🔵 eyJpIjoiT3JlZ29uIiwibyI6eyJzdGF0dXMiOiJPSyIsImZvcm1hdHRlZEFkZHJlc3MiOiJPcmVnb24sIFVTQSIsImxhdCI6NDMuODA0MTMzNCwibG5nIjotMTIwLjU1NDIwMTIsImJsb2NrSW5zdGFsbGF0aW9uSWRzIjpbImJsaXNqVTNPZmc0ekFhT3dsIl0sImxvY2F0aW9uRmllbGRJZCI6ImZsZGtjM0MzQ0FjOGJWanVRIn0sImUiOjE2MjM5MTMxMjQzMDN9,,
"Pittsboro, North Carolina, USA",10/26/19,573,,,,,Pittsboro Protests,Proud Boys,Coattended,Pittsboro,North Carolina,USA,"https://twitter.com/acrider/status/1188460706150137857?s=20
https://twitter.com/AylingLindsay/status/1188974789593055232?s=20
https://twitter.com/AylingLindsay/status/1139951844812296192?s=20",,,18/5/2021 8:37am,SOURCES,checked,,"Pittsboro, North Carolina, USA",🔵 eyJpIjoiTm9ydGggQ2Fyb2xpbmEiLCJvIjp7InN0YXR1cyI6Ik9LIiwiZm9ybWF0dGVkQWRkcmVzcyI6Ik5vcnRoIENhcm9saW5hLCBVU0EiLCJsYXQiOjM1Ljc1OTU3MzEsImxuZyI6LTc5LjAxOTI5OTY5OTk5OTk5LCJibG9ja0luc3RhbGxhdGlvbklkcyI6WyJibGlzalUzT2ZnNHpBYU93bCJdLCJsb2NhdGlvbkZpZWxkSWQiOiJmbGRrYzNDM0NBYzhiVmp1USJ9LCJlIjoxNjIzOTExODc1Njk3fQ==,,
"Kent, Ohio, USA",9/25/19,604,,,,,Targeting Beto's Event to protest Mandatory Gun Buyback Laws,Proud Boys,Targeted,Kent,Ohio,USA,https://www.record-courier.com/news/20190925/pro-gun-display-seeks-to-educate-orourke-rally-attendees-at-kent-state,,,18/5/2021 8:36am,,,,"Kent, Ohio, USA",🔵 eyJpIjoiT2hpbyIsIm8iOnsic3RhdHVzIjoiT0siLCJmb3JtYXR0ZWRBZGRyZXNzIjoiT2hpbywgVVNBIiwibGF0Ijo0MC40MTcyODcxLCJsbmciOi04Mi45MDcxMjMwMDAwMDAwMSwiYmxvY2tJbnN0YWxsYXRpb25JZHMiOlsiYmxpc2pVM09mZzR6QWFPd2wiXSwibG9jYXRpb25GaWVsZElkIjoiZmxka2MzQzNDQWM4YlZqdVEifSwiZSI6MTYyMzkxMTc4NTcyMn0=,,
"Bienfait, Saskatchewan, CA",8/31/19,629,,,,,Fundraiser,Proud Boys,Coattended,Bienfait,Saskatchewan,CA,"https://twitter.com/VestsCanada/status/1167976065072893953
https://www.facebook.com/WinnipegAlternativeMedia/videos/1135298163330920/
https://www.estevanmercury.ca/news/local-news/video-convoy-makes-its-way-through-estevan-1.23932992
https://globalnews.ca/news/5838385/vets-canada-distancing-itself-from-estevan-fundraising-event-linked-to-yellow-vests/",,,18/5/2021 8:36am,SOURCES,checked,,"Bienfait, Saskatchewan, CA",🔵 eyJpIjoiU2Fza2F0Y2hld2FuIiwibyI6eyJzdGF0dXMiOiJPSyIsImZvcm1hdHRlZEFkZHJlc3MiOiJTYXNrYXRjaGV3YW4sIENhbmFkYSIsImxhdCI6NTIuOTM5OTE1OSwibG5nIjotMTA2LjQ1MDg2MzksImJsb2NrSW5zdGFsbGF0aW9uSWRzIjpbImJsaXNqVTNPZmc0ekFhT3dsIl0sImxvY2F0aW9uRmllbGRJZCI6ImZsZGtjM0MzQ0FjOGJWanVRIn0sImUiOjE2MjM5MTE3OTU1NDN9,,
"Winnipeg, Manitoba, CA",8/30/19,630,,,,,Attempted Intimidation of Omar Kinnarath,Proud Boys,Targeted,Winnipeg,Manitoba,CA,"https://www.youtube.com/watch?v=zGU6eHnpBV0
https://twitter.com/OmarX204/status/1167624386456752128",,,18/5/2021 8:37am,SOURCES,checked,,"Winnipeg, Manitoba, CA",🔵 eyJpIjoiTWFuaXRvYmEiLCJvIjp7InN0YXR1cyI6Ik9LIiwiZm9ybWF0dGVkQWRkcmVzcyI6Ik1hbml0b2JhLCBDYW5hZGEiLCJsYXQiOjUzLjc2MDg2MDgsImxuZyI6LTk4LjgxMzg3NjIsImJsb2NrSW5zdGFsbGF0aW9uSWRzIjpbImJsaXNqVTNPZmc0ekFhT3dsIl0sImxvY2F0aW9uRmllbGRJZCI6ImZsZGtjM0MzQ0FjOGJWanVRIn0sImUiOjE2MjM5MTE4MzIwMzd9,,
"Portland, Oregon, USA",8/17/19,643,,,,,End Antifa Terrorism ,Proud Boys,Organized,Portland,Oregon,USA,"https://twitter.com/ashkenaz89/status/1162396970784182272?s=20
",,,18/5/2021 8:37am,SOURCES,checked,,"Portland, Oregon, USA",🔵 eyJpIjoiT3JlZ29uIiwibyI6eyJzdGF0dXMiOiJPSyIsImZvcm1hdHRlZEFkZHJlc3MiOiJPcmVnb24sIFVTQSIsImxhdCI6NDMuODA0MTMzNCwibG5nIjotMTIwLjU1NDIwMTIsImJsb2NrSW5zdGFsbGF0aW9uSWRzIjpbImJsaXNqVTNPZmc0ekFhT3dsIl0sImxvY2F0aW9uRmllbGRJZCI6ImZsZGtjM0MzQ0FjOGJWanVRIn0sImUiOjE2MjM5MTE4MjIzNTF9,,
"Portland, Oregon, USA",8/17/19,643,,,,,Intimidation and harrassment of museum patrons,Proud Boys,Targeted,Portland,Oregon,USA,https://www.wweek.com/news/2019/08/17/proud-boys-wander-lost-through-portland-as-police-allow-wild-goose-chase-by-antifascists/,,,18/5/2021 8:38am,,,,"Portland, Oregon, USA",🔵 eyJpIjoiT3JlZ29uIiwibyI6eyJzdGF0dXMiOiJPSyIsImZvcm1hdHRlZEFkZHJlc3MiOiJPcmVnb24sIFVTQSIsImxhdCI6NDMuODA0MTMzNCwibG5nIjotMTIwLjU1NDIwMTIsImJsb2NrSW5zdGFsbGF0aW9uSWRzIjpbImJsaXNqVTNPZmc0ekFhT3dsIl0sImxvY2F0aW9uRmllbGRJZCI6ImZsZGtjM0MzQ0FjOGJWanVRIn0sImUiOjE2MjM5MTE4ODY0NDd9,,
"Washington, DC, USA",7/6/19,685,,,,,Rally for Free Speech,Proud Boys,Coattended,Washington,DC,USA,https://www.thedailybeast.com/proud-boys-and-allies-to-rally-in-dc-to-capitalize-on-trumpstravaganza,,,18/5/2021 8:36am,,,,"Washington, DC, USA",🔵 eyJpIjoiREMiLCJvIjp7InN0YXR1cyI6Ik9LIiwiZm9ybWF0dGVkQWRkcmVzcyI6IjkwNiBTaWdnaW5zIFN0LCBDb2ZmZXl2aWxsZSwgS1MgNjczMzcsIFVTQSIsImxhdCI6MzcuMDM0NDU5NCwibG5nIjotOTUuNjU0MDEwMzk5OTk5OTksImJsb2NrSW5zdGFsbGF0aW9uSWRzIjpbImJsaXNqVTNPZmc0ekFhT3dsIl0sImxvY2F0aW9uRmllbGRJZCI6ImZsZGtjM0MzQ0FjOGJWanVRIn0sImUiOjE2MjM5MTE4MDk4MjF9,,
"Portland, Oregon, USA",6/29/19,692,,,,,Counter Revolution Against Domestic Terrorists,Proud Boys,Coattended,Portland,Oregon,USA,https://itsgoingdown.org/shake-back-streets/,,,18/5/2021 8:58am,,,,"Portland, Oregon, USA",🔵 eyJpIjoiT3JlZ29uIiwibyI6eyJzdGF0dXMiOiJPSyIsImZvcm1hdHRlZEFkZHJlc3MiOiJPcmVnb24sIFVTQSIsImxhdCI6NDMuODA0MTMzNCwibG5nIjotMTIwLjU1NDIwMTIsImJsb2NrSW5zdGFsbGF0aW9uSWRzIjpbImJsaXNqVTNPZmc0ekFhT3dsIl0sImxvY2F0aW9uRmllbGRJZCI6ImZsZGtjM0MzQ0FjOGJWanVRIn0sImUiOjE2MjM5MTMxMjUzMDR9,,
"Philadelphia, Pennsylvania, USA",6/29/19,692,,,,,"Stalking, harrassment and intimidation of Gwen Synder, far right researcher.",Proud Boys,Organized,Philadelphia,Pennsylvania,USA,https://twitter.com/AntiFashGordon/status/1145722550636437512,,,18/5/2021 8:38am,SOURCES,checked,,"Philadelphia, Pennsylvania, USA",🔵 eyJpIjoiUGVubnN5bHZhbmlhIiwibyI6eyJzdGF0dXMiOiJPSyIsImZvcm1hdHRlZEFkZHJlc3MiOiJQZW5uc3lsdmFuaWEsIFVTQSIsImxhdCI6NDEuMjAzMzIxNiwibG5nIjotNzcuMTk0NTI0NywiYmxvY2tJbnN0YWxsYXRpb25JZHMiOlsiYmxpc2pVM09mZzR6QWFPd2wiXSwibG9jYXRpb25GaWVsZElkIjoiZmxka2MzQzNDQWM4YlZqdVEifSwiZSI6MTYyMzkxMTkyNzQ0NX0=,,
"Houston, Texas, USA",6/22/19,699,,,,,Texans Against Communism,Proud Boys,Coattended,Houston,Texas,USA,"
https://www.houstonpress.com/news/highlights-from-the-texans-against-communism-event-in-the-woodlands-11312244",,,18/5/2021 8:37am,,,,"Houston, Texas, USA",🔵 eyJpIjoiVGV4YXMiLCJvIjp7InN0YXR1cyI6Ik9LIiwiZm9ybWF0dGVkQWRkcmVzcyI6IlRleGFzLCBVU0EiLCJsYXQiOjMxLjk2ODU5ODgsImxuZyI6LTk5LjkwMTgxMzEsImJsb2NrSW5zdGFsbGF0aW9uSWRzIjpbImJsaXNqVTNPZmc0ekFhT3dsIl0sImxvY2F0aW9uRmllbGRJZCI6ImZsZGtjM0MzQ0FjOGJWanVRIn0sImUiOjE2MjM5MTE4NDgzMzR9,,
"Orlando, Florida, USA",6/19/19,702,,Pro Trump,,,Trump's 2020 Campaign Kickoff,Proud Boys,Coattended,Orlando,Florida,USA,https://www.huffpost.com/entry/donald-trump-orlando-proud-boys-qanon-infowars-extremists_n_5d0a2f14e4b0f7b7442a11ca,,,18/5/2021 8:43am,,,,"Orlando, Florida, USA",🔵 eyJpIjoiRmxvcmlkYSIsIm8iOnsic3RhdHVzIjoiT0siLCJmb3JtYXR0ZWRBZGRyZXNzIjoiRmxvcmlkYSwgVVNBIiwibGF0IjoyNy42NjQ4Mjc0LCJsbmciOi04MS41MTU3NTM1LCJibG9ja0luc3RhbGxhdGlvbklkcyI6WyJibGlzalUzT2ZnNHpBYU93bCJdLCJsb2NhdGlvbkZpZWxkSWQiOiJmbGRrYzNDM0NBYzhiVmp1USJ9LCJlIjoxNjIzOTEyMjMyODg4fQ==,,
"Orlando, Florida, USA",6/18/19,703,,Pro Trump,,,Trump Rally,Proud Boys,Coattended,Orlando,Florida,USA,https://www.huffpost.com/entry/donald-trump-orlando-proud-boys-qanon-infowars-extremists_n_5d0a2f14e4b0f7b7442a11ca,,,18/5/2021 8:38am,,,,"Orlando, Florida, USA",🔵 eyJpIjoiRmxvcmlkYSIsIm8iOnsic3RhdHVzIjoiT0siLCJmb3JtYXR0ZWRBZGRyZXNzIjoiRmxvcmlkYSwgVVNBIiwibGF0IjoyNy42NjQ4Mjc0LCJsbmciOi04MS41MTU3NTM1LCJibG9ja0luc3RhbGxhdGlvbklkcyI6WyJibGlzalUzT2ZnNHpBYU93bCJdLCJsb2NhdGlvbkZpZWxkSWQiOiJmbGRrYzNDM0NBYzhiVmp1USJ9LCJlIjoxNjIzOTExOTM4NDI5fQ==,,
"Hamilton, Ontario, CA",6/8/19,713,,,,,Yellow Vest Protest,Proud Boys,Coattended,Hamilton,Ontario,CA,http://anti-racistcanada.blogspot.com/2019/06/hamilton-yellow-vests-rally-draws.html,,,18/5/2021 8:37am,,,,"Hamilton, Ontario, CA",🔵 eyJpIjoiT250YXJpbyIsIm8iOnsic3RhdHVzIjoiT0siLCJmb3JtYXR0ZWRBZGRyZXNzIjoiT250YXJpbywgQ2FuYWRhIiwibGF0Ijo1MS4yNTM3NzUsImxuZyI6LTg1LjMyMzIxNCwiYmxvY2tJbnN0YWxsYXRpb25JZHMiOlsiYmxpc2pVM09mZzR6QWFPd2wiXSwibG9jYXRpb25GaWVsZElkIjoiZmxka2MzQzNDQWM4YlZqdVEifSwiZSI6MTYyMzkxMTg2NTkwOX0=,,
"London, London, UK",6/5/19,716,,Pro Trump,,,Donald Trump UK Visit,Proud Boys,Coattended,London,London,UK,https://www.youtube.com/watch?v=8ja_aAB-GIE,,,18/5/2021 8:36am,SOURCES,checked,,"London, London, UK",🔵 eyJpIjoiTG9uZG9uIiwibyI6eyJzdGF0dXMiOiJPSyIsImZvcm1hdHRlZEFkZHJlc3MiOiJMb25kb24sIFVLIiwibGF0Ijo1MS41MDczNTA5LCJsbmciOi0wLjEyNzc1ODMsImJsb2NrSW5zdGFsbGF0aW9uSWRzIjpbImJsaXNqVTNPZmc0ekFhT3dsIl0sImxvY2F0aW9uRmllbGRJZCI6ImZsZGtjM0MzQ0FjOGJWanVRIn0sImUiOjE2MjM5MTE3OTIzMjJ9,,
"Hamilton, Ontario, CA",6/1/19,720,,,,,PEGIDA,"Proud Boys,Pegida",Coattended,Hamilton,Ontario,CA, https://twitter.com/VestsCanada/status/1137463765564133376,,,18/5/2021 8:39am,SOURCES,checked,,"Hamilton, Ontario, CA",🔵 eyJpIjoiT250YXJpbyIsIm8iOnsic3RhdHVzIjoiT0siLCJmb3JtYXR0ZWRBZGRyZXNzIjoiT250YXJpbywgQ2FuYWRhIiwibGF0Ijo1MS4yNTM3NzUsImxuZyI6LTg1LjMyMzIxNCwiYmxvY2tJbnN0YWxsYXRpb25JZHMiOlsiYmxpc2pVM09mZzR6QWFPd2wiXSwibG9jYXRpb25GaWVsZElkIjoiZmxka2MzQzNDQWM4YlZqdVEifSwiZSI6MTYyMzkxMTkzOTQzNX0=,,
"Albany, New York, USA",5/11/19,741,,,0,0,Pro Life Rally For the Innocent,Proud Boys,Coattended,Albany,New York,USA,https://www.nationofchange.org/2019/05/13/patriot-prayers-joey-gibson-has-a-sad-day-in-albany/,,,18/5/2021 8:38am,SOURCES - CAN'T FIND IT ANYWHERE ELSE,checked,,"Albany, New York, USA",🔵 eyJpIjoiTmV3IFlvcmsiLCJvIjp7InN0YXR1cyI6Ik9LIiwiZm9ybWF0dGVkQWRkcmVzcyI6Ik5ldyBZb3JrLCBOWSwgVVNBIiwibGF0Ijo0MC42OTc0ODgxLCJsbmciOi03My45Nzk2ODEsImJsb2NrSW5zdGFsbGF0aW9uSWRzIjpbImJsaXNqVTNPZmc0ekFhT3dsIl0sImxvY2F0aW9uRmllbGRJZCI6ImZsZGtjM0MzQ0FjOGJWanVRIn0sImUiOjE2MjM5MTE4OTE0NDJ9,,
"National Harbor, DC, USA",2/27/19,814,,,0,0,CPAC Conference,Proud Boys,Coattended,National Harbor,DC,USA,https://twitter.com/search?q=CPAC+2019&ref_src=twsrc%5Egoogle%7Ctwcamp%5Eserp%7Ctwgr%5Esearch,https://en.wikipedia.org/wiki/2019_Conservative_Political_Action_Conference,,18/5/2021 8:36am,,,,"National Harbor, DC, USA",🔵 eyJpIjoiREMiLCJvIjp7InN0YXR1cyI6Ik9LIiwiZm9ybWF0dGVkQWRkcmVzcyI6IjkwNiBTaWdnaW5zIFN0LCBDb2ZmZXl2aWxsZSwgS1MgNjczMzcsIFVTQSIsImxhdCI6MzcuMDM0NDU5NCwibG5nIjotOTUuNjU0MDEwMzk5OTk5OTksImJsb2NrSW5zdGFsbGF0aW9uSWRzIjpbImJsaXNqVTNPZmc0ekFhT3dsIl0sImxvY2F0aW9uRmllbGRJZCI6ImZsZGtjM0MzQ0FjOGJWanVRIn0sImUiOjE2MjM5MTE3ODk0NzV9,,
"Toronto, Ontario, CA",2/23/19,818,,,0,0,Far-right group PEGIDA attempted a demonstration in Toronto but was met by counter-protesters.,"Proud Boys,Pegida",Coattended,Toronto,Ontario,CA,https://north-shore.info/2019/02/25/toronto-report-from-feb-23-anti-pegida-action/,https://humbernews.ca/2019/02/far-right-protest-opposed-by-counter-protesters-in-toronto/,,18/5/2021 8:38am,,,,"Toronto, Ontario, CA",🔵 eyJpIjoiT250YXJpbyIsIm8iOnsic3RhdHVzIjoiT0siLCJmb3JtYXR0ZWRBZGRyZXNzIjoiT250YXJpbywgQ2FuYWRhIiwibGF0Ijo1MS4yNTM3NzUsImxuZyI6LTg1LjMyMzIxNCwiYmxvY2tJbnN0YWxsYXRpb25JZHMiOlsiYmxpc2pVM09mZzR6QWFPd2wiXSwibG9jYXRpb25GaWVsZElkIjoiZmxka2MzQzNDQWM4YlZqdVEifSwiZSI6MTYyMzkxMTkzMTQ0Nn0=,,
"Rancho Cucamonga, California, USA",2/5/19,836,,,0,0,Sexual Abuse of a Minor,Proud Boys,Individual Group Member Involvement,Rancho Cucamonga,California,USA,https://ktla.com/2019/02/06/porn-actress-director-accused-of-sexually-abusing-young-girl-over-4-month-period-in-rancho-cucamonga-police/,,,18/5/2021 8:43am,,,,"Rancho Cucamonga, California, USA",🔵 eyJpIjoiQ2FsaWZvcm5pYSIsIm8iOnsic3RhdHVzIjoiT0siLCJmb3JtYXR0ZWRBZGRyZXNzIjoiQ2FsaWZvcm5pYSwgVVNBIiwibGF0IjozNi43NzgyNjEsImxuZyI6LTExOS40MTc5MzI0LCJibG9ja0luc3RhbGxhdGlvbklkcyI6WyJibGlzalUzT2ZnNHpBYU93bCJdLCJsb2NhdGlvbkZpZWxkSWQiOiJmbGRrYzNDM0NBYzhiVmp1USJ9LCJlIjoxNjIzOTEyMjI1NDMwfQ==,,
"Washington, DC, USA",1/29/19,843,,,0,0,Roger Stone Arraignment,Proud Boys,Individual Group Member Involvement,Washington,DC,USA,https://www.npr.org/2019/01/29/689654687/roger-stone-arraigned-in-d-c-federal-court,,,18/5/2021 8:36am,we shoud divide the actions that lead to the hearing and the hearing itself.,checked,,"Washington, DC, USA",🔵 eyJpIjoiREMiLCJvIjp7InN0YXR1cyI6Ik9LIiwiZm9ybWF0dGVkQWRkcmVzcyI6IjkwNiBTaWdnaW5zIFN0LCBDb2ZmZXl2aWxsZSwgS1MgNjczMzcsIFVTQSIsImxhdCI6MzcuMDM0NDU5NCwibG5nIjotOTUuNjU0MDEwMzk5OTk5OTksImJsb2NrSW5zdGFsbGF0aW9uSWRzIjpbImJsaXNqVTNPZmc0ekFhT3dsIl0sImxvY2F0aW9uRmllbGRJZCI6ImZsZGtjM0MzQ0FjOGJWanVRIn0sImUiOjE2MjM5MTE4MTU4NDZ9,,
"Huntington Woods, Michigan, USA",1/26/19,846,,,,,Drag Queen Story Time,Proud Boys,Targeted,Huntington Woods,Michigan,USA,https://www.freep.com/story/news/local/michigan/oakland/2019/01/23/drag-queen-story-time-huntington-woods-library/2564070002/,,,18/5/2021 8:36am,,checked,,"Huntington Woods, Michigan, USA",🔵 eyJpIjoiTWljaGlnYW4iLCJvIjp7InN0YXR1cyI6Ik9LIiwiZm9ybWF0dGVkQWRkcmVzcyI6Ik1pY2hpZ2FuLCBVU0EiLCJsYXQiOjQ0LjMxNDg0NDMsImxuZyI6LTg1LjYwMjM2NDI5OTk5OTk5LCJibG9ja0luc3RhbGxhdGlvbklkcyI6WyJibGlzalUzT2ZnNHpBYU93bCJdLCJsb2NhdGlvbkZpZWxkSWQiOiJmbGRrYzNDM0NBYzhiVmp1USJ9LCJlIjoxNjIzOTExNzg3MTI2fQ==,,
"Portland, Oregon, USA",1/26/19,846,,,,,Anti Ice Protest,Proud Boys,Targeted,Portland,Oregon,USA,https://twitter.com/Johnnthelefty/status/1089292595497361408,,,18/5/2021 8:38am,,,,"Portland, Oregon, USA",🔵 eyJpIjoiT3JlZ29uIiwibyI6eyJzdGF0dXMiOiJPSyIsImZvcm1hdHRlZEFkZHJlc3MiOiJPcmVnb24sIFVTQSIsImxhdCI6NDMuODA0MTMzNCwibG5nIjotMTIwLjU1NDIwMTIsImJsb2NrSW5zdGFsbGF0aW9uSWRzIjpbImJsaXNqVTNPZmc0ekFhT3dsIl0sImxvY2F0aW9uRmllbGRJZCI6ImZsZGtjM0MzQ0FjOGJWanVRIn0sImUiOjE2MjM5MTE4ODc0MzZ9,,
"Portland, Oregon, USA",1/23/19,849,,,,,City Hall Meeting,Proud Boys,Targeted,Portland,Oregon,USA,https://twitter.com/search?q=%40rockyhorrorrr,,,18/5/2021 8:58am,,,,"Portland, Oregon, USA",🔵 eyJpIjoiT3JlZ29uIiwibyI6eyJzdGF0dXMiOiJPSyIsImZvcm1hdHRlZEFkZHJlc3MiOiJPcmVnb24sIFVTQSIsImxhdCI6NDMuODA0MTMzNCwibG5nIjotMTIwLjU1NDIwMTIsImJsb2NrSW5zdGFsbGF0aW9uSWRzIjpbImJsaXNqVTNPZmc0ekFhT3dsIl0sImxvY2F0aW9uRmllbGRJZCI6ImZsZGtjM0MzQ0FjOGJWanVRIn0sImUiOjE2MjM5MTMxMjA1NjB9,,
"Portland, Oregon, USA",1/22/19,850,,,,,Threat Issued Against Ted Wheeler,Proud Boys,Individual Group Member Involvement,Portland,Oregon,USA,https://www.splcenter.org/hatewatch/2019/01/25/proud-boy-threatens-portland-mayor-im-coming-you,,,18/5/2021 8:36am,,,,"Portland, Oregon, USA",🔵 eyJpIjoiT3JlZ29uIiwibyI6eyJzdGF0dXMiOiJPSyIsImZvcm1hdHRlZEFkZHJlc3MiOiJPcmVnb24sIFVTQSIsImxhdCI6NDMuODA0MTMzNCwibG5nIjotMTIwLjU1NDIwMTIsImJsb2NrSW5zdGFsbGF0aW9uSWRzIjpbImJsaXNqVTNPZmc0ekFhT3dsIl0sImxvY2F0aW9uRmllbGRJZCI6ImZsZGtjM0MzQ0FjOGJWanVRIn0sImUiOjE2MjM5MTE3NzUzMTl9,,
"Orlando, Florida, USA",1/20/19,852,,,,,Women's March,Proud Boys,Targeted,Orlando,Florida,USA,https://marchforlife.org/mfl-2019/local-march-for-life-events/,,,18/5/2021 8:36am,,,,"Orlando, Florida, USA",🔵 eyJpIjoiRmxvcmlkYSIsIm8iOnsic3RhdHVzIjoiT0siLCJmb3JtYXR0ZWRBZGRyZXNzIjoiRmxvcmlkYSwgVVNBIiwibGF0IjoyNy42NjQ4Mjc0LCJsbmciOi04MS41MTU3NTM1LCJibG9ja0luc3RhbGxhdGlvbklkcyI6WyJibGlzalUzT2ZnNHpBYU93bCJdLCJsb2NhdGlvbkZpZWxkSWQiOiJmbGRrYzNDM0NBYzhiVmp1USJ9LCJlIjoxNjIzOTExODA2ODI0fQ==,,
"Portland, Oregon, USA",1/19/19,853,,,,,March for Life,Proud Boys,Coattended,Portland,Oregon,USA,https://cnnw.com/annual-pro-life-rally-scheduled-on-a-saturday-for-first-time/,,,18/5/2021 8:58am,,,,"Portland, Oregon, USA",🔵 eyJpIjoiT3JlZ29uIiwibyI6eyJzdGF0dXMiOiJPSyIsImZvcm1hdHRlZEFkZHJlc3MiOiJPcmVnb24sIFVTQSIsImxhdCI6NDMuODA0MTMzNCwibG5nIjotMTIwLjU1NDIwMTIsImJsb2NrSW5zdGFsbGF0aW9uSWRzIjpbImJsaXNqVTNPZmc0ekFhT3dsIl0sImxvY2F0aW9uRmllbGRJZCI6ImZsZGtjM0MzQ0FjOGJWanVRIn0sImUiOjE2MjM5MTMxMjMzMDd9,,
"Portland, Oregon, USA",1/19/19,853,,,,,Counter Rally for Reproductive Justive,Proud Boys,Targeted,Portland,Oregon,USA,https://expo.oregonlive.com/news/g66l-2019/01/de6abc0f678300/backtoback-demonstrations-in-downtown-portland-metoo-roe-v-wade-counter-rally-for-reproductive-justice-antifa-and-patriot-prayer-photos.html,,,18/5/2021 8:36am,,,,"Portland, Oregon, USA",🔵 eyJpIjoiT3JlZ29uIiwibyI6eyJzdGF0dXMiOiJPSyIsImZvcm1hdHRlZEFkZHJlc3MiOiJPcmVnb24sIFVTQSIsImxhdCI6NDMuODA0MTMzNCwibG5nIjotMTIwLjU1NDIwMTIsImJsb2NrSW5zdGFsbGF0aW9uSWRzIjpbImJsaXNqVTNPZmc0ekFhT3dsIl0sImxvY2F0aW9uRmllbGRJZCI6ImZsZGtjM0MzQ0FjOGJWanVRIn0sImUiOjE2MjM5MTE4MTg4MTV9,,
"Fremont, Washington, USA",1/8/19,864,,,1,,PB  killed his brother at his parents home,Proud Boys,Organized,Fremont,Washington,USA,https://officialproudboys.com/uncategorized/buckey-wolfe-was-never-a-proud-boy/,,,19/5/2021 1:11pm,,,,"Fremont, Washington, USA",🔵 eyJpIjoiV2FzaGluZ3RvbiIsIm8iOnsic3RhdHVzIjoiT0siLCJmb3JtYXR0ZWRBZGRyZXNzIjoiV2FzaGluZ3RvbiwgVVNBIiwibGF0Ijo0Ny43NTEwNzQxLCJsbmciOi0xMjAuNzQwMTM4NSwiYmxvY2tJbnN0YWxsYXRpb25JZHMiOlsiYmxpc2pVM09mZzR6QWFPd2wiXSwibG9jYXRpb25GaWVsZElkIjoiZmxka2MzQzNDQWM4YlZqdVEifSwiZSI6MTYyNDAxNDY4MDAyMX0=,,
"Toronto, Ontario, CA",1/5/19,867,,,,,Yellow Vest  Rally in Hamilton,Proud Boys,Coattended,Toronto,Ontario,CA,http://anti-racistcanada.blogspot.com/2019/01/tim-vs-tim-tim-vs-tim.html,,,18/5/2021 8:37am,,,,"Toronto, Ontario, CA",🔵 eyJpIjoiT250YXJpbyIsIm8iOnsic3RhdHVzIjoiT0siLCJmb3JtYXR0ZWRBZGRyZXNzIjoiT250YXJpbywgQ2FuYWRhIiwibGF0Ijo1MS4yNTM3NzUsImxuZyI6LTg1LjMyMzIxNCwiYmxvY2tJbnN0YWxsYXRpb25JZHMiOlsiYmxpc2pVM09mZzR6QWFPd2wiXSwibG9jYXRpb25GaWVsZElkIjoiZmxka2MzQzNDQWM4YlZqdVEifSwiZSI6MTYyMzkxMTgzMzg1Nn0=,,
"Denton County, Texas, USA",12/21/18,882,,,,,Arrest Warrant Issues for Van Dyke,Proud Boys,Individual Group Member Involvement,Denton County,Texas,USA,https://www.dentonrc.com/news/arrest-warrant-issued-for-jason-van-dyke/article_e7e6c9e9-099e-5579-86bd-071ce7834d55.html,,,18/5/2021 8:44am,,checked,,"Denton County, Texas, USA",🔵 eyJpIjoiVGV4YXMiLCJvIjp7InN0YXR1cyI6Ik9LIiwiZm9ybWF0dGVkQWRkcmVzcyI6IlRleGFzLCBVU0EiLCJsYXQiOjMxLjk2ODU5ODgsImxuZyI6LTk5LjkwMTgxMzEsImJsb2NrSW5zdGFsbGF0aW9uSWRzIjpbImJsaXNqVTNPZmc0ekFhT3dsIl0sImxvY2F0aW9uRmllbGRJZCI6ImZsZGtjM0MzQ0FjOGJWanVRIn0sImUiOjE2MjM5MTIyNDY5Mjl9,,
"Philadelphia, Pennsylvania, USA",11/19/18,914,,,,,We The People,Proud Boys,Coattended,Philadelphia,Pennsylvania,USA,http://www.rightwingwatch.org/post/we-were-promised-proud-boys-philadelphia-had-other-ideas/,,,18/5/2021 8:36am,,checked,,"Philadelphia, Pennsylvania, USA",🔵 eyJpIjoiUGVubnN5bHZhbmlhIiwibyI6eyJzdGF0dXMiOiJPSyIsImZvcm1hdHRlZEFkZHJlc3MiOiJQZW5uc3lsdmFuaWEsIFVTQSIsImxhdCI6NDEuMjAzMzIxNiwibG5nIjotNzcuMTk0NTI0NywiYmxvY2tJbnN0YWxsYXRpb25JZHMiOlsiYmxpc2pVM09mZzR6QWFPd2wiXSwibG9jYXRpb25GaWVsZElkIjoiZmxka2MzQzNDQWM4YlZqdVEifSwiZSI6MTYyMzkxMTc4MzM1MH0=,,
"Toronto, Ontario, CA",11/10/18,923,,,,,PEGIDA Rally,"Proud Boys,Pegida",Coattended,Toronto,Ontario,CA,"https://youtu.be/McqPHNvhE0w?t=1779 
https://pegidacanada.wordpress.com/2018/11/12/toronto-rally-nov-10-2018/",,,18/5/2021 8:35am,,,,"Toronto, Ontario, CA",🔵 eyJpIjoiT250YXJpbyIsIm8iOnsic3RhdHVzIjoiT0siLCJmb3JtYXR0ZWRBZGRyZXNzIjoiT250YXJpbywgQ2FuYWRhIiwibGF0Ijo1MS4yNTM3NzUsImxuZyI6LTg1LjMyMzIxNCwiYmxvY2tJbnN0YWxsYXRpb25JZHMiOlsiYmxpc2pVM09mZzR6QWFPd2wiXSwibG9jYXRpb25GaWVsZElkIjoiZmxka2MzQzNDQWM4YlZqdVEifSwiZSI6MTYyMzkxMTc0OTI1MH0=,,
"Tacoma , Washington, USA",11/4/18,929,,,,,Make Government Small Again,Proud Boys,Coattended,Tacoma ,Washington,USA,,,,18/5/2021 8:37am,,checked,,"Tacoma , Washington, USA",🔵 eyJpIjoiV2FzaGluZ3RvbiIsIm8iOnsic3RhdHVzIjoiT0siLCJmb3JtYXR0ZWRBZGRyZXNzIjoiV2FzaGluZ3RvbiwgVVNBIiwibGF0Ijo0Ny43NTEwNzQxLCJsbmciOi0xMjAuNzQwMTM4NSwiYmxvY2tJbnN0YWxsYXRpb25JZHMiOlsiYmxpc2pVM09mZzR6QWFPd2wiXSwibG9jYXRpb25GaWVsZElkIjoiZmxka2MzQzNDQWM4YlZqdVEifSwiZSI6MTYyMzkxMTg1NDg4Mn0=,,
"Miami, Florida, USA",10/17/18,947,,,,,Democratic Campaign Office,Proud Boys,Targeted,Miami,Florida,USA,https://thesternfacts.com/miami-gop-chairman-just-caught-leading-proud-boys-in-attack-on-democratic-campaign-office-319216540f79,,,18/5/2021 8:36am,,checked,,"Miami, Florida, USA",🔵 eyJpIjoiRmxvcmlkYSIsIm8iOnsic3RhdHVzIjoiT0siLCJmb3JtYXR0ZWRBZGRyZXNzIjoiRmxvcmlkYSwgVVNBIiwibGF0IjoyNy42NjQ4Mjc0LCJsbmciOi04MS41MTU3NTM1LCJibG9ja0luc3RhbGxhdGlvbklkcyI6WyJibGlzalUzT2ZnNHpBYU93bCJdLCJsb2NhdGlvbkZpZWxkSWQiOiJmbGRrYzNDM0NBYzhiVmp1USJ9LCJlIjoxNjIzOTExODA1ODMwfQ==,,
"Portland, Oregon, USA",10/15/18,949,,,,,Flash March for Law and Order in PDX,Proud Boys,Coattended,Portland,Oregon,USA,https://www.thestranger.com/slog/2018/10/15/33890587/joey-gibson-encouraged-proud-boy-violence-in-portland-they-are-going-to-feel-the-pain,,,18/5/2021 8:38am,,,,"Portland, Oregon, USA",🔵 eyJpIjoiT3JlZ29uIiwibyI6eyJzdGF0dXMiOiJPSyIsImZvcm1hdHRlZEFkZHJlc3MiOiJPcmVnb24sIFVTQSIsImxhdCI6NDMuODA0MTMzNCwibG5nIjotMTIwLjU1NDIwMTIsImJsb2NrSW5zdGFsbGF0aW9uSWRzIjpbImJsaXNqVTNPZmc0ekFhT3dsIl0sImxvY2F0aW9uRmllbGRJZCI6ImZsZGtjM0MzQ0FjOGJWanVRIn0sImUiOjE2MjM5MTE5MzY0NTR9,,
"Perth, Austrailia, AU",10/13/18,951,,,,,United Against Rascism Clash w/ Proud Boys,Proud Boys,Targeted,Perth,Austrailia,AU,https://www.news.com.au/national/western-australia/protesters-exchange-verbal-barbs-at-pauline-hanson-meeting-at-botanica-innaloo/news-story/e4356a8de73b610a66fde7ba1882fe6d,,,18/5/2021 8:37am,,,,"Perth, Austrailia, AU",🔵 eyJpIjoiQXVzdHJhaWxpYSIsIm8iOnsic3RhdHVzIjoiT0siLCJmb3JtYXR0ZWRBZGRyZXNzIjoiQXVzdHJhbGlhIiwibGF0IjotMjUuMjc0Mzk4LCJsbmciOjEzMy43NzUxMzYsImJsb2NrSW5zdGFsbGF0aW9uSWRzIjpbImJsaXNqVTNPZmc0ekFhT3dsIl0sImxvY2F0aW9uRmllbGRJZCI6ImZsZGtjM0MzQ0FjOGJWanVRIn0sImUiOjE2MjM5MTE4NDI5MDh9,,
"Portland, Oregon, USA",10/13/18,951,,,,,Law and Order March,Proud Boys,Coattended,Portland,Oregon,USA,https://www.rawstory.com/2018/10/watch-portland-rightwing-law-order-march-erupts-huge-bloody-brawl/,,,18/5/2021 8:44am,,,,"Portland, Oregon, USA",🔵 eyJpIjoiT3JlZ29uIiwibyI6eyJzdGF0dXMiOiJPSyIsImZvcm1hdHRlZEFkZHJlc3MiOiJPcmVnb24sIFVTQSIsImxhdCI6NDMuODA0MTMzNCwibG5nIjotMTIwLjU1NDIwMTIsImJsb2NrSW5zdGFsbGF0aW9uSWRzIjpbImJsaXNqVTNPZmc0ekFhT3dsIl0sImxvY2F0aW9uRmllbGRJZCI6ImZsZGtjM0MzQ0FjOGJWanVRIn0sImUiOjE2MjM5MTIyNTI1Njd9,,
"New York, New York, USA",10/12/18,952,,,,,NY 9 Violent Altercation,Proud Boys,Organized,New York,New York,USA,https://www.amny.com/news/proud-boys-nyc-1.22020607,,,18/5/2021 8:58am,,,,"New York, New York, USA",🔵 eyJpIjoiTmV3IFlvcmsiLCJvIjp7InN0YXR1cyI6Ik9LIiwiZm9ybWF0dGVkQWRkcmVzcyI6Ik5ldyBZb3JrLCBOWSwgVVNBIiwibGF0Ijo0MC43MTI3NzUzLCJsbmciOi03NC4wMDU5NzI4LCJibG9ja0luc3RhbGxhdGlvbklkcyI6WyJibGlzalUzT2ZnNHpBYU93bCJdLCJsb2NhdGlvbkZpZWxkSWQiOiJmbGRrYzNDM0NBYzhiVmp1USJ9LCJlIjoxNjIzOTEzMTMwNzk5fQ==,,
"Providence, Rhode Island, USA",10/6/18,958,,,,,Resist Marxism,Proud Boys,Coattended,Providence,Rhode Island,USA,http://news2share.com/start/2018/10/06/clashes-as-providence-freedom-rally-faces-off-with-antifa/,,,18/5/2021 8:38am,,checked,,"Providence, Rhode Island, USA",🔵 eyJpIjoiUmhvZGUgSXNsYW5kIiwibyI6eyJzdGF0dXMiOiJPSyIsImZvcm1hdHRlZEFkZHJlc3MiOiJSaG9kZSBJc2xhbmQsIFVTQSIsImxhdCI6NDEuNTgwMDk0NSwibG5nIjotNzEuNDc3NDI5MSwiYmxvY2tJbnN0YWxsYXRpb25JZHMiOlsiYmxpc2pVM09mZzR6QWFPd2wiXSwibG9jYXRpb25GaWVsZElkIjoiZmxka2MzQzNDQWM4YlZqdVEifSwiZSI6MTYyMzkxMTg5NTI5OX0=,,
"Toronto, Ontario, CA",10/5/18,959,,,,,United Conservative Party Club,Proud Boys,Coattended,Toronto,Ontario,CA,https://www.vice.com/en_ca/article/9k785p/alberta-conservative-candidates-took-photos-with-soldiers-of-odin,,,18/5/2021 8:44am,,checked,,"Toronto, Ontario, CA",🔵 eyJpIjoiT250YXJpbyIsIm8iOnsic3RhdHVzIjoiT0siLCJmb3JtYXR0ZWRBZGRyZXNzIjoiT250YXJpbywgQ2FuYWRhIiwibGF0Ijo1MS4yNTM3NzUsImxuZyI6LTg1LjMyMzIxNCwiYmxvY2tJbnN0YWxsYXRpb25JZHMiOlsiYmxpc2pVM09mZzR6QWFPd2wiXSwibG9jYXRpb25GaWVsZElkIjoiZmxka2MzQzNDQWM4YlZqdVEifSwiZSI6MTYyMzkxMjIzOTM2M30=,,
"Austin, Texas, USA",9/26/18,968,,,,,Free Alex Jones,Proud Boys,Coattended,Austin,Texas,USA,https://www.splcenter.org/hatewatch/2018/09/26/police-intervened-stop-proud-boy-becoming-violent-free-alex-jones-event-austin,,,18/5/2021 8:37am,,checked,,"Austin, Texas, USA",🔵 eyJpIjoiVGV4YXMiLCJvIjp7InN0YXR1cyI6Ik9LIiwiZm9ybWF0dGVkQWRkcmVzcyI6IlRleGFzLCBVU0EiLCJsYXQiOjMxLjk2ODU5ODgsImxuZyI6LTk5LjkwMTgxMzEsImJsb2NrSW5zdGFsbGF0aW9uSWRzIjpbImJsaXNqVTNPZmc0ekFhT3dsIl0sImxvY2F0aW9uRmllbGRJZCI6ImZsZGtjM0MzQ0FjOGJWanVRIn0sImUiOjE2MjM5MTE4NzA5MTd9,,
"Fort Worth, Texas, USA",9/22/18,972,,,,,Ye Olde Bull and Bush Bar,Proud Boys,Targeted,Fort Worth,Texas,USA,https://www.fwweekly.com/2018/09/26/proud-boys-crash-local-pub/,,,18/5/2021 8:37am,,checked,,"Fort Worth, Texas, USA",🔵 eyJpIjoiVGV4YXMiLCJvIjp7InN0YXR1cyI6Ik9LIiwiZm9ybWF0dGVkQWRkcmVzcyI6IlRleGFzLCBVU0EiLCJsYXQiOjMxLjk2ODU5ODgsImxuZyI6LTk5LjkwMTgxMzEsImJsb2NrSW5zdGFsbGF0aW9uSWRzIjpbImJsaXNqVTNPZmc0ekFhT3dsIl0sImxvY2F0aW9uRmllbGRJZCI6ImZsZGtjM0MzQ0FjOGJWanVRIn0sImUiOjE2MjM5MTE4MTk4MzN9,,
"Vaughan, Ontario, CA",9/22/18,972,,,,,Ford Fest ,Proud Boys,Coattended,Vaughan,Ontario,CA,https://pressprogress.ca/doug-ford-stands-behind-this-photo-he-took-with-a-group-of-extremely-racist-white-nationalists/,,,18/5/2021 8:37am,,checked,,"Vaughan, Ontario, CA",🔵 eyJpIjoiT250YXJpbyIsIm8iOnsic3RhdHVzIjoiT0siLCJmb3JtYXR0ZWRBZGRyZXNzIjoiT250YXJpbywgQ2FuYWRhIiwibGF0Ijo1MS4yNTM3NzUsImxuZyI6LTg1LjMyMzIxNCwiYmxvY2tJbnN0YWxsYXRpb25JZHMiOlsiYmxpc2pVM09mZzR6QWFPd2wiXSwibG9jYXRpb25GaWVsZElkIjoiZmxka2MzQzNDQWM4YlZqdVEifSwiZSI6MTYyMzkxMTg0MDgzMX0=,,
"Kansas City, Missouri, USA",9/18/18,976,,,,,Instigation & Fight,Proud Boys,Targeted,Kansas City,Missouri,USA,https://kcpb.store/proud-boys-are-not-racist/,,,18/5/2021 8:37am,,checked,,"Kansas City, Missouri, USA",🔵 eyJpIjoiTWlzc291cmkiLCJvIjp7InN0YXR1cyI6Ik9LIiwiZm9ybWF0dGVkQWRkcmVzcyI6Ik1pc3NvdXJpLCBVU0EiLCJsYXQiOjM3Ljk2NDI1MjksImxuZyI6LTkxLjgzMTgzMzQsImJsb2NrSW5zdGFsbGF0aW9uSWRzIjpbImJsaXNqVTNPZmc0ekFhT3dsIl0sImxvY2F0aW9uRmllbGRJZCI6ImZsZGtjM0MzQ0FjOGJWanVRIn0sImUiOjE2MjM5MTE4NTM4OTV9,,
"Toronto, Ontario, CA",9/8/18,986,,,,,PEGIDA Rally 9/11 as a rallying point,"Proud Boys,Pegida",Coattended,Toronto,Ontario,CA,"https://north99.org/2018/09/09/toronto-police-used-force-to-protect-white-supremacist-hate-group-rally/ 
http://anti-racistcanada.blogspot.com/2018/09/pegida-canada-members-in-nathan.html 
https://north-shore.info/2018/09/12/report-back-from-september-8-anti-fascist-action-in-toronto/",,,18/5/2021 8:37am,,,,"Toronto, Ontario, CA",🔵 eyJpIjoiT250YXJpbyIsIm8iOnsic3RhdHVzIjoiT0siLCJmb3JtYXR0ZWRBZGRyZXNzIjoiT250YXJpbywgQ2FuYWRhIiwibGF0Ijo1MS4yNTM3NzUsImxuZyI6LTg1LjMyMzIxNCwiYmxvY2tJbnN0YWxsYXRpb25JZHMiOlsiYmxpc2pVM09mZzR6QWFPd2wiXSwibG9jYXRpb25GaWVsZElkIjoiZmxka2MzQzNDQWM4YlZqdVEifSwiZSI6MTYyMzkxMTg2ODQxN30=,,
"Houston, Texas, USA",9/3/18,991,,Anti-Muslim,,,Islamic Society of North America’s conference,Proud Boys,Targeted,Houston,Texas,USA,https://thinkprogress.org/heres-how-a-texas-militia-planned-to-assault-islamic-convention-participants-in-houston-709d651ae25b/,,,18/5/2021 8:44am,,checked,,"Houston, Texas, USA",🔵 eyJpIjoiVGV4YXMiLCJvIjp7InN0YXR1cyI6Ik9LIiwiZm9ybWF0dGVkQWRkcmVzcyI6IlRleGFzLCBVU0EiLCJsYXQiOjMxLjk2ODU5ODgsImxuZyI6LTk5LjkwMTgxMzEsImJsb2NrSW5zdGFsbGF0aW9uSWRzIjpbImJsaXNqVTNPZmc0ekFhT3dsIl0sImxvY2F0aW9uRmllbGRJZCI6ImZsZGtjM0MzQ0FjOGJWanVRIn0sImUiOjE2MjM5MTIyNDM4OTZ9,,
"Seattle, Washington, USA",8/20/18,1005,,,,,Liberty or Death Rally,Proud Boys,Coattended,Seattle,Washington,USA,https://www.splcenter.org/hatewatch/2017/08/15/seattle-patriot-prayer-rally-takes-twist-leader-gibson-denounces-supremacists,,,18/5/2021 8:38am,,,,"Seattle, Washington, USA",🔵 eyJpIjoiV2FzaGluZ3RvbiIsIm8iOnsic3RhdHVzIjoiT0siLCJmb3JtYXR0ZWRBZGRyZXNzIjoiV2FzaGluZ3RvbiwgVVNBIiwibGF0Ijo0Ny43NTEwNzQxLCJsbmciOi0xMjAuNzQwMTM4NSwiYmxvY2tJbnN0YWxsYXRpb25JZHMiOlsiYmxpc2pVM09mZzR6QWFPd2wiXSwibG9jYXRpb25GaWVsZElkIjoiZmxka2MzQzNDQWM4YlZqdVEifSwiZSI6MTYyMzkxMTg4MzQ0NX0=,,
"Toronto, Ontario, CA",8/18/18,1007,,,,,Hamilton Against Fascism Fundraiser,Proud Boys,Targeted,Toronto,Ontario,CA,https://www.facebook.com/events/568676100194933/,,,18/5/2021 8:59am,,,,"Toronto, Ontario, CA",🔵 eyJpIjoiT250YXJpbyIsIm8iOnsic3RhdHVzIjoiT0siLCJmb3JtYXR0ZWRBZGRyZXNzIjoiT250YXJpbywgQ2FuYWRhIiwibGF0Ijo1MS4yNTM3NzUsImxuZyI6LTg1LjMyMzIxNCwiYmxvY2tJbnN0YWxsYXRpb25JZHMiOlsiYmxpc2pVM09mZzR6QWFPd2wiXSwibG9jYXRpb25GaWVsZElkIjoiZmxka2MzQzNDQWM4YlZqdVEifSwiZSI6MTYyMzkxMzE1NjU1N30=,,
"Plaquemine, Louisiana, USA",8/12/18,1013,,,,,Louisiana Sheriff Fired For Association with Proud Boys,Proud Boys,Organized,Plaquemine,Louisiana,USA,https://www.theadvocate.com/new_orleans/news/crime_police/article_753dad6c-a1a2-11e8-9694-e34608514381.html,,,18/5/2021 8:35am,should be in policy updates and other news,checked,,"Plaquemine, Louisiana, USA",🔵 eyJpIjoiTG91aXNpYW5hIiwibyI6eyJzdGF0dXMiOiJPSyIsImZvcm1hdHRlZEFkZHJlc3MiOiJMb3Vpc2lhbmEsIFVTQSIsImxhdCI6MzAuOTg0Mjk3NywibG5nIjotOTEuOTYyMzMyNjk5OTk5OTksImJsb2NrSW5zdGFsbGF0aW9uSWRzIjpbImJsaXNqVTNPZmc0ekFhT3dsIl0sImxvY2F0aW9uRmllbGRJZCI6ImZsZGtjM0MzQ0FjOGJWanVRIn0sImUiOjE2MjM5MTE3NDc3MTh9,,
"Portland, Oregon, USA",7/24/18,1032,,,,,Ice Protest Camp,Proud Boys,Targeted,Portland,Oregon,USA,https://www.youtube.com/watch?v=JEe5ZSo5htE&feature=youtu.be,,,18/5/2021 8:38am,,,,"Portland, Oregon, USA",🔵 eyJpIjoiT3JlZ29uIiwibyI6eyJzdGF0dXMiOiJPSyIsImZvcm1hdHRlZEFkZHJlc3MiOiJPcmVnb24sIFVTQSIsImxhdCI6NDMuODA0MTMzNCwibG5nIjotMTIwLjU1NDIwMTIsImJsb2NrSW5zdGFsbGF0aW9uSWRzIjpbImJsaXNqVTNPZmc0ekFhT3dsIl0sImxvY2F0aW9uRmllbGRJZCI6ImZsZGtjM0MzQ0FjOGJWanVRIn0sImUiOjE2MjM5MTE5MzA0NTF9,,
"Toronto, Ontario, CA",7/21/18,1035,,,,,PEGIDA Rally,"Proud Boys,Pegida",Coattended,Toronto,Ontario,CA,"https://www.thestar.com/news/gta/2018/07/21/counterprotesters-say-five-of-their-delegates-were-arrested-during-an-anti-islam-rally-in-toronto.
html https://www.youtube.com/watch?v=gBmYZ-b_U2Y https://north-shore.info/2018/07/25/toronto-cops-n-klan-hand-in-hand-reportback-commentary-from-the-july-21-counter-demo/",,,18/5/2021 8:38am,,,,"Toronto, Ontario, CA",🔵 eyJpIjoiT250YXJpbyIsIm8iOnsic3RhdHVzIjoiT0siLCJmb3JtYXR0ZWRBZGRyZXNzIjoiT250YXJpbywgQ2FuYWRhIiwibGF0Ijo1MS4yNTM3NzUsImxuZyI6LTg1LjMyMzIxNCwiYmxvY2tJbnN0YWxsYXRpb25JZHMiOlsiYmxpc2pVM09mZzR6QWFPd2wiXSwibG9jYXRpb25GaWVsZElkIjoiZmxka2MzQzNDQWM4YlZqdVEifSwiZSI6MTYyMzkxMTkyNjQzMH0=,,
"Los Angeles, California, USA",7/15/18,1041,,,,,The Griffin,Proud Boys,Targeted,Los Angeles,California,USA,https://www.washingtonpost.com/news/post-nation/wp/2018/07/16/squeal-and-cluck-your-hoofs-watch-leftists-confront-the-right-wing-proud-boys-in-an-l-a-bar/?utm_term=.45b21ea04055,,,18/5/2021 8:59am,,checked,,"Los Angeles, California, USA",🔵 eyJpIjoiQ2FsaWZvcm5pYSIsIm8iOnsic3RhdHVzIjoiT0siLCJmb3JtYXR0ZWRBZGRyZXNzIjoiQ2FsaWZvcm5pYSwgVVNBIiwibGF0IjozNi43NzgyNjEsImxuZyI6LTExOS40MTc5MzI0LCJibG9ja0luc3RhbGxhdGlvbklkcyI6WyJibGlzalUzT2ZnNHpBYU93bCJdLCJsb2NhdGlvbkZpZWxkSWQiOiJmbGRrYzNDM0NBYzhiVmp1USJ9LCJlIjoxNjIzOTEzMTU5NDc2fQ==,,
"Louisville, Kentucky, USA",7/14/18,1042,,,,,Anti Occupy Ice,Proud Boys,Targeted,Louisville,Kentucky,USA,https://www.theguardian.com/us-news/2018/jul/21/occupy-ice-activists-rival-counter-protesters,,,18/5/2021 8:37am,,,,"Louisville, Kentucky, USA",🔵 eyJpIjoiS2VudHVja3kiLCJvIjp7InN0YXR1cyI6Ik9LIiwiZm9ybWF0dGVkQWRkcmVzcyI6IktlbnR1Y2t5LCBVU0EiLCJsYXQiOjM3LjgzOTMzMzIsImxuZyI6LTg0LjI3MDAxNzksImJsb2NrSW5zdGFsbGF0aW9uSWRzIjpbImJsaXNqVTNPZmc0ekFhT3dsIl0sImxvY2F0aW9uRmllbGRJZCI6ImZsZGtjM0MzQ0FjOGJWanVRIn0sImUiOjE2MjM5MTE4MjkyOTN9,,
"Toronto, Ontario, CA",7/7/18,1049,,,,,London Rally,Proud Boys,Coattended,Toronto,Ontario,CA,https://pegidacanada.wordpress.com/2018/07/10/london-rally-july-7-2018/,,,18/5/2021 8:38am,,,,"Toronto, Ontario, CA",🔵 eyJpIjoiT250YXJpbyIsIm8iOnsic3RhdHVzIjoiT0siLCJmb3JtYXR0ZWRBZGRyZXNzIjoiT250YXJpbywgQ2FuYWRhIiwibGF0Ijo1MS4yNTM3NzUsImxuZyI6LTg1LjMyMzIxNCwiYmxvY2tJbnN0YWxsYXRpb25JZHMiOlsiYmxpc2pVM09mZzR6QWFPd2wiXSwibG9jYXRpb25GaWVsZElkIjoiZmxka2MzQzNDQWM4YlZqdVEifSwiZSI6MTYyMzkxMTkyODQ1N30=,,
"Portland, Oregon, USA",7/3/18,1053,,,,,"9 arrests, several hospitalizations",Proud Boys,Coattended,Portland,Oregon,USA,https://www.splcenter.org/hatewatch/2018/07/03/portland-far-right-rally-once-again-quickly-turns-violent-march-becomes-riot,,,18/5/2021 8:36am,,checked,,"Portland, Oregon, USA",🔵 eyJpIjoiT3JlZ29uIiwibyI6eyJzdGF0dXMiOiJPSyIsImZvcm1hdHRlZEFkZHJlc3MiOiJPcmVnb24sIFVTQSIsImxhdCI6NDMuODA0MTMzNCwibG5nIjotMTIwLjU1NDIwMTIsImJsb2NrSW5zdGFsbGF0aW9uSWRzIjpbImJsaXNqVTNPZmc0ekFhT3dsIl0sImxvY2F0aW9uRmllbGRJZCI6ImZsZGtjM0MzQ0FjOGJWanVRIn0sImUiOjE2MjM5MTE3ODIzNTh9,,
"Louisville, Kentucky, USA",7/1/18,1055,,Anti Left,,,Democratic Socialist Gathering,Proud Boys,Targeted,Louisville,Kentucky,USA,"https://unicornriot.ninja/2018/far-right-nationalists-attack-democratic-socialist-gathering-in-kentucky/
",,,19/5/2021 1:11pm,,,,"Louisville, Kentucky, USA",🔵 eyJpIjoiS2VudHVja3kiLCJvIjp7InN0YXR1cyI6Ik9LIiwiZm9ybWF0dGVkQWRkcmVzcyI6IktlbnR1Y2t5LCBVU0EiLCJsYXQiOjM3LjgzOTMzMzIsImxuZyI6LTg0LjI3MDAxNzksImJsb2NrSW5zdGFsbGF0aW9uSWRzIjpbImJsaXNqVTNPZmc0ekFhT3dsIl0sImxvY2F0aW9uRmllbGRJZCI6ImZsZGtjM0MzQ0FjOGJWanVRIn0sImUiOjE2MjQwMTQ3MDc1NzN9,,
"Portland, Oregon, USA",6/30/18,1056,,,,,Rally,Proud Boys,Coattended,Portland,Oregon,USA,https://www.splcenter.org/hatewatch/2018/07/25/another-charlottesville-threats-violence-loom-over-upcoming-portland-proud-boys-patriot,,,18/5/2021 8:35am,,,,"Portland, Oregon, USA",🔵 eyJpIjoiT3JlZ29uIiwibyI6eyJzdGF0dXMiOiJPSyIsImZvcm1hdHRlZEFkZHJlc3MiOiJPcmVnb24sIFVTQSIsImxhdCI6NDMuODA0MTMzNCwibG5nIjotMTIwLjU1NDIwMTIsImJsb2NrSW5zdGFsbGF0aW9uSWRzIjpbImJsaXNqVTNPZmc0ekFhT3dsIl0sImxvY2F0aW9uRmllbGRJZCI6ImZsZGtjM0MzQ0FjOGJWanVRIn0sImUiOjE2MjM5MTE3MzI4OTF9,,
"Toronto, Ontario, CA",6/3/18,1083,,,,,Border Protest,Proud Boys,Coattended,Toronto,Ontario,CA,https://anti-racistcanada.blogspot.com/2018/06/ronny-cameron-at-june-3-border-protest.html,,,18/5/2021 8:36am,,,,"Toronto, Ontario, CA",🔵 eyJpIjoiT250YXJpbyIsIm8iOnsic3RhdHVzIjoiT0siLCJmb3JtYXR0ZWRBZGRyZXNzIjoiT250YXJpbywgQ2FuYWRhIiwibGF0Ijo1MS4yNTM3NzUsImxuZyI6LTg1LjMyMzIxNCwiYmxvY2tJbnN0YWxsYXRpb25JZHMiOlsiYmxpc2pVM09mZzR6QWFPd2wiXSwibG9jYXRpb25GaWVsZElkIjoiZmxka2MzQzNDQWM4YlZqdVEifSwiZSI6MTYyMzkxMTc2NTg0NX0=,,
" Bethlehem, Pennsylvania, USA",5/22/18,1095,,,,,Stalking and Intimidation Attempt of Vic Berger,Proud Boys,Organized, Bethlehem,Pennsylvania,USA," https://www.huffpost.com/entry/far-right-proud-boys-menaced-twitter-user-on-his-doorstep_n_5b06de68e4b07c4ea1060e92?guccounter=1&guce_referrer=aHR0cHM6Ly90LmNvLzVXR2NYOVMwdTE&guce_referrer_sig=AQAAAL2N9Qu9vit9Ep2UxWmteQxkaOYyHCnqPYgQGA3KXarrozXCsUkMWW-BLa8HQJcnZ6La0OzmSWhhPGOovR8pUMGq9lqRAKiP8moafvqU8ujVhUwIYgYezaNQFFNwkbGSLeF3Ke4ReLG08uIhpOfDymhTWPpNTySd7MrDTwQQ2I1j
",,,18/5/2021 8:59am,,,," Bethlehem, Pennsylvania, USA",🔵 eyJpIjoiUGVubnN5bHZhbmlhIiwibyI6eyJzdGF0dXMiOiJPSyIsImZvcm1hdHRlZEFkZHJlc3MiOiJQZW5uc3lsdmFuaWEsIFVTQSIsImxhdCI6NDEuMjAzMzIxNiwibG5nIjotNzcuMTk0NTI0NywiYmxvY2tJbnN0YWxsYXRpb25JZHMiOlsiYmxpc2pVM09mZzR6QWFPd2wiXSwibG9jYXRpb25GaWVsZElkIjoiZmxka2MzQzNDQWM4YlZqdVEifSwiZSI6MTYyMzkxMzE1MjYwOX0=,,
"Vancouver, Washington, USA",5/11/18,1106,,,,,Assault of Michaael Mosley,Proud Boys,Coattended,Vancouver,Washington,USA,https://www.columbian.com/news/2018/aug/19/altercation-at-mall-between-proud-boy-teen-still-simmers/,,,18/5/2021 8:36am,,,,"Vancouver, Washington, USA",🔵 eyJpIjoiV2FzaGluZ3RvbiIsIm8iOnsic3RhdHVzIjoiT0siLCJmb3JtYXR0ZWRBZGRyZXNzIjoiV2FzaGluZ3RvbiwgVVNBIiwibGF0Ijo0Ny43NTEwNzQxLCJsbmciOi0xMjAuNzQwMTM4NSwiYmxvY2tJbnN0YWxsYXRpb25JZHMiOlsiYmxpc2pVM09mZzR6QWFPd2wiXSwibG9jYXRpb25GaWVsZElkIjoiZmxka2MzQzNDQWM4YlZqdVEifSwiZSI6MTYyMzkxMTc2NzQ3MX0=,,
"Portland, Oregon, USA",4/29/18,1118,,,,,Protests,Proud Boys,Coattended,Portland,Oregon,USA,https://www.wweek.com/news/2017/04/26/right-wing-group-plans-free-speech-march-in-wake-of-east-portland-parade-cancellation/,,,18/5/2021 8:58am,,,,"Portland, Oregon, USA",🔵 eyJpIjoiT3JlZ29uIiwibyI6eyJzdGF0dXMiOiJPSyIsImZvcm1hdHRlZEFkZHJlc3MiOiJPcmVnb24sIFVTQSIsImxhdCI6NDMuODA0MTMzNCwibG5nIjotMTIwLjU1NDIwMTIsImJsb2NrSW5zdGFsbGF0aW9uSWRzIjpbImJsaXNqVTNPZmc0ekFhT3dsIl0sImxvY2F0aW9uRmllbGRJZCI6ImZsZGtjM0MzQ0FjOGJWanVRIn0sImUiOjE2MjM5MTMxMjIzMDR9,,
"Quebec, Quebec, CA",4/28/18,1119,,,,,PEGIDA vs Antifa Rally,"Proud Boys,Pegida",Coattended,Quebec,Quebec,CA,"https://www.youtube.com/watch?v=_BR59rT950M 
http://anti-racistcanada.blogspot.com/2018/05/doug-fords-support-among-white.html",,,18/5/2021 8:35am,,,,"Quebec, Quebec, CA",🔵 eyJpIjoiUXVlYmVjIiwibyI6eyJzdGF0dXMiOiJPSyIsImZvcm1hdHRlZEFkZHJlc3MiOiJRdWViZWMgQ2l0eSwgUUMsIENhbmFkYSIsImxhdCI6NDYuODEzODc4MywibG5nIjotNzEuMjA3OTgwOSwiYmxvY2tJbnN0YWxsYXRpb25JZHMiOlsiYmxpc2pVM09mZzR6QWFPd2wiXSwibG9jYXRpb25GaWVsZElkIjoiZmxka2MzQzNDQWM4YlZqdVEifSwiZSI6MTYyMzkxMTc0MjMwOX0=,,
"Berkeley, California, USA",4/17/18,1130,,,,,The Next Battle of Berkeley,Proud Boys,Coattended,Berkeley,California,USA,https://www.splcenter.org/hatewatch/2017/04/17/far-right-descends-berkeley-free-speech-and-planned-violence,,,19/5/2021 1:10pm,,,,"Berkeley, California, USA",🔵 eyJpIjoiQ2FsaWZvcm5pYSIsIm8iOnsic3RhdHVzIjoiT0siLCJmb3JtYXR0ZWRBZGRyZXNzIjoiQ2FsaWZvcm5pYSwgVVNBIiwibGF0IjozNi43NzgyNjEsImxuZyI6LTExOS40MTc5MzI0LCJibG9ja0luc3RhbGxhdGlvbklkcyI6WyJibGlzalUzT2ZnNHpBYU93bCJdLCJsb2NhdGlvbkZpZWxkSWQiOiJmbGRrYzNDM0NBYzhiVmp1USJ9LCJlIjoxNjI0MDE0NjUyNTM5fQ==,,
"Portland, Oregon, USA",4/3/18,1144,,,,,Freedom and Courage Rally,Proud Boys,Coattended,Portland,Oregon,USA,https://katu.com/news/local/photos-freedom-and-courage-rally-turns-to-riot-as-protesting-groups-clash-in-portland?fbclid=IwAR37_o34fx4IKmEFBxkAsO6e2NZQjU8WX4qoCxm09M8GuGU9uSZEfTKTPN8,https://www.wweek.com/news/2017/06/23/far-right-protesters-will-return-to-portland-for-freedom-march-during-waterfront-blues-festival/,,19/5/2021 1:11pm,,,,"Portland, Oregon, USA",🔵 eyJpIjoiT3JlZ29uIiwibyI6eyJzdGF0dXMiOiJPSyIsImZvcm1hdHRlZEFkZHJlc3MiOiJPcmVnb24sIFVTQSIsImxhdCI6NDMuODA0MTMzNCwibG5nIjotMTIwLjU1NDIwMTIsImJsb2NrSW5zdGFsbGF0aW9uSWRzIjpbImJsaXNqVTNPZmc0ekFhT3dsIl0sImxvY2F0aW9uRmllbGRJZCI6ImZsZGtjM0MzQ0FjOGJWanVRIn0sImUiOjE2MjQwMTQ3MTA2MjN9,,
"Toronto, Ontario, CA",3/25/18,1153,,,,,Patriot Walk,Proud Boys,Organized,Toronto,Ontario,CA,"http://anti-racistcanada.blogspot.com/2018/03/confrontation-taking-place-near-tower.html 
http://anti-racistcanada.blogspot.com/2018/03/proud-boys-in-hamilton-closer-look-at.html 
https://www.cbc.ca/news/canada/hamilton/hamilton-protests-victoria-park-1.4592570 https://north-shore.info/2018/04/03/tower-defence-holding-space-against-the-far-right/",,,18/5/2021 8:59am,,,,"Toronto, Ontario, CA",🔵 eyJpIjoiT250YXJpbyIsIm8iOnsic3RhdHVzIjoiT0siLCJmb3JtYXR0ZWRBZGRyZXNzIjoiT250YXJpbywgQ2FuYWRhIiwibGF0Ijo1MS4yNTM3NzUsImxuZyI6LTg1LjMyMzIxNCwiYmxvY2tJbnN0YWxsYXRpb25JZHMiOlsiYmxpc2pVM09mZzR6QWFPd2wiXSwibG9jYXRpb25GaWVsZElkIjoiZmxka2MzQzNDQWM4YlZqdVEifSwiZSI6MTYyMzkxMzE2MDM0N30=,,
"Ottawa, Ontario, CA",3/24/18,1154,,,,,Janice Fiamengo Lecture,Proud Boys,Coattended,Ottawa,Ontario,CA,"https://ottawacitizen.com/news/local-news/protesters-disrupt-lecture-by-uottawa-anti-feminist-at-ottawa-public-library 
https://twitter.com/JaniceFiamengo/status/1073610086260633604",,,19/5/2021 1:11pm,,,,"Ottawa, Ontario, CA",🔵 eyJpIjoiT250YXJpbyIsIm8iOnsic3RhdHVzIjoiT0siLCJmb3JtYXR0ZWRBZGRyZXNzIjoiT250YXJpbywgQ2FuYWRhIiwibGF0Ijo1MS4yNTM3NzUsImxuZyI6LTg1LjMyMzIxNCwiYmxvY2tJbnN0YWxsYXRpb25JZHMiOlsiYmxpc2pVM09mZzR6QWFPd2wiXSwibG9jYXRpb25GaWVsZElkIjoiZmxka2MzQzNDQWM4YlZqdVEifSwiZSI6MTYyNDAxNDY3NDUxNn0=,,
"Salem, Oregon, USA",3/4/18,1174,,,,,Stone asked Proud Boys for personal security,Proud Boys,Coattended,Salem,Oregon,USA,https://www.wweek.com/news/2018/03/07/right-wing-provocateur-roger-stone-asked-proud-boys-for-protection-at-dorchester-conference-last-weekend/                                                                                 ,,,18/5/2021 8:36am,,,,"Salem, Oregon, USA",🔵 eyJpIjoiT3JlZ29uIiwibyI6eyJzdGF0dXMiOiJPSyIsImZvcm1hdHRlZEFkZHJlc3MiOiJPcmVnb24sIFVTQSIsImxhdCI6NDMuODA0MTMzNCwibG5nIjotMTIwLjU1NDIwMTIsImJsb2NrSW5zdGFsbGF0aW9uSWRzIjpbImJsaXNqVTNPZmc0ekFhT3dsIl0sImxvY2F0aW9uRmllbGRJZCI6ImZsZGtjM0MzQ0FjOGJWanVRIn0sImUiOjE2MjM5MTE4MTA4NDF9,,
"Ottowa, Canada, CA",2/18/18,1188,,,,,Hijab Hoax,Proud Boys,Coattended,Ottowa,Canada,CA,"https://torontoist.com/2018/03/eye-hate-hijab-hoax-fuels-alt-right-protests/  
https://www.thestar.com/opinion/star-columnists/2018/03/02/continuing-anger-toward-hijab-hoax-is-about-denial-of-innocence-to-muslim-kids.htmlhttps://torontoist.com/2018/03/eye-hate-hijab-hoax-fuels-alt-right-protests/
 http://anti-racistcanada.blogspot.com/2018/02/anti-muslim-hate-rally-on-parliament.html ",,,18/5/2021 8:35am,,,,"Ottowa, Canada, CA",🔵 eyJpIjoiQ2FuYWRhIiwibyI6eyJzdGF0dXMiOiJPSyIsImZvcm1hdHRlZEFkZHJlc3MiOiJDYW5hZGEiLCJsYXQiOjU2LjEzMDM2NiwibG5nIjotMTA2LjM0Njc3MSwiYmxvY2tJbnN0YWxsYXRpb25JZHMiOlsiYmxpc2pVM09mZzR6QWFPd2wiXSwibG9jYXRpb25GaWVsZElkIjoiZmxka2MzQzNDQWM4YlZqdVEifSwiZSI6MTYyMzkxMTc1NDU3OX0=,,
"Seattle, Washington, USA",2/12/18,1194,,,,,Rally,Proud Boys,Coattended,Seattle,Washington,USA,https://www.splcenter.org/hatewatch/2018/02/12/patriot-prayer-whips-anger-seattle-not-much-crowd,,,18/5/2021 8:37am,,,,"Seattle, Washington, USA",🔵 eyJpIjoiV2FzaGluZ3RvbiIsIm8iOnsic3RhdHVzIjoiT0siLCJmb3JtYXR0ZWRBZGRyZXNzIjoiV2FzaGluZ3RvbiwgVVNBIiwibGF0Ijo0Ny43NTEwNzQxLCJsbmciOi0xMjAuNzQwMTM4NSwiYmxvY2tJbnN0YWxsYXRpb25JZHMiOlsiYmxpc2pVM09mZzR6QWFPd2wiXSwibG9jYXRpb25GaWVsZElkIjoiZmxka2MzQzNDQWM4YlZqdVEifSwiZSI6MTYyMzkxMTgyNTg0NH0=,,
"Bellingham, Washington, USA",2/3/18,1203,,,,,Bar,Proud Boys,Targeted,Bellingham,Washington,USA,https://twitter.com/BLFsea/status/1051538501089415168,,,18/5/2021 8:38am,,,,"Bellingham, Washington, USA",🔵 eyJpIjoiV2FzaGluZ3RvbiIsIm8iOnsic3RhdHVzIjoiT0siLCJmb3JtYXR0ZWRBZGRyZXNzIjoiV2FzaGluZ3RvbiwgVVNBIiwibGF0Ijo0Ny43NTEwNzQxLCJsbmciOi0xMjAuNzQwMTM4NSwiYmxvY2tJbnN0YWxsYXRpb25JZHMiOlsiYmxpc2pVM09mZzR6QWFPd2wiXSwibG9jYXRpb25GaWVsZElkIjoiZmxka2MzQzNDQWM4YlZqdVEifSwiZSI6MTYyMzkxMTg5MzkxOX0=,,
"Ottawa, Ontario, CA",1/27/18,1210,Harrasment,,,,"PEGIDA Rally Counter Protestors held memorial to victims of 
Quebec City Mosque Massacre 
Mel Lastman","Proud Boys,Pegida",Coattended,Ottawa,Ontario,CA,"http://anti-racistcanada.blogspot.com/2018/01/far-right-attacks-on-antifascist.html 
http://anti-racistcanada.blogspot.com/2018/01/anti-muslim-protesters-outnumbered-in.html",,,18/5/2021 8:37am,,,,"Ottawa, Ontario, CA",🔵 eyJpIjoiT250YXJpbyIsIm8iOnsic3RhdHVzIjoiT0siLCJmb3JtYXR0ZWRBZGRyZXNzIjoiT250YXJpbywgQ2FuYWRhIiwibGF0Ijo1MS4yNTM3NzUsImxuZyI6LTg1LjMyMzIxNCwiYmxvY2tJbnN0YWxsYXRpb25JZHMiOlsiYmxpc2pVM09mZzR6QWFPd2wiXSwibG9jYXRpb25GaWVsZElkIjoiZmxka2MzQzNDQWM4YlZqdVEifSwiZSI6MTYyMzkxMTg2MTAzM30=,,
"Ottawa, Ontario, CA",1/27/18,1210,Harrasment,,,,"PEGIDA Rally Counter Protestors held memorial to victims of 
Quebec City Mosque Massacre 
Mel Lastman","Proud Boys,Pegida",Coattended,Ottawa,Ontario,CA,"http://anti-racistcanada.blogspot.com/2018/01/far-right-attacks-on-antifascist.html 
http://anti-racistcanada.blogspot.com/2018/01/anti-muslim-protesters-outnumbered-in.html",,,18/5/2021 8:58am,,,,"Ottawa, Ontario, CA",🔵 eyJpIjoiT250YXJpbyIsIm8iOnsic3RhdHVzIjoiT0siLCJmb3JtYXR0ZWRBZGRyZXNzIjoiT250YXJpbywgQ2FuYWRhIiwibGF0Ijo1MS4yNTM3NzUsImxuZyI6LTg1LjMyMzIxNCwiYmxvY2tJbnN0YWxsYXRpb25JZHMiOlsiYmxpc2pVM09mZzR6QWFPd2wiXSwibG9jYXRpb25GaWVsZElkIjoiZmxka2MzQzNDQWM4YlZqdVEifSwiZSI6MTYyMzkxMzExOTMyMX0=,,
"Toronto, Ontario, CA",1/20/18,1217,,,,,Border Protest,Proud Boys,Organized,Toronto,Ontario,CA,http://anti-racistcanada.blogspot.com/2018/01/ronny-cameron-off-rails-part-3.html,,,18/5/2021 8:43am,,,,"Toronto, Ontario, CA",🔵 eyJpIjoiT250YXJpbyIsIm8iOnsic3RhdHVzIjoiT0siLCJmb3JtYXR0ZWRBZGRyZXNzIjoiT250YXJpbywgQ2FuYWRhIiwibGF0Ijo1MS4yNTM3NzUsImxuZyI6LTg1LjMyMzIxNCwiYmxvY2tJbnN0YWxsYXRpb25JZHMiOlsiYmxpc2pVM09mZzR6QWFPd2wiXSwibG9jYXRpb25GaWVsZElkIjoiZmxka2MzQzNDQWM4YlZqdVEifSwiZSI6MTYyMzkxMjIzNTg2Mn0=,,
"Brantford , Ontario, CA",1/10/18,1227,,,,,Trudeau Town Hall,Proud Boys,Targeted,Brantford ,Ontario,CA,"https://www.youtube.com/watch?v=-anj-9_mSyg 
https://www.cbc.ca/news/politics/hamilton-trudeau-town-hall-1.4481025",,,18/5/2021 8:38am,,,,"Brantford , Ontario, CA",🔵 eyJpIjoiT250YXJpbyIsIm8iOnsic3RhdHVzIjoiT0siLCJmb3JtYXR0ZWRBZGRyZXNzIjoiT250YXJpbywgQ2FuYWRhIiwibGF0Ijo1MS4yNTM3NzUsImxuZyI6LTg1LjMyMzIxNCwiYmxvY2tJbnN0YWxsYXRpb25JZHMiOlsiYmxpc2pVM09mZzR6QWFPd2wiXSwibG9jYXRpb25GaWVsZElkIjoiZmxka2MzQzNDQWM4YlZqdVEifSwiZSI6MTYyMzkxMTg4MTQxOX0=,,
"Toronto, Ontario, CA",12/17/17,1251,,,,,Pamela Gellar Speech at Canada Christian College,Proud Boys,Coattended,Toronto,Ontario,CA,"https://torontoist.com/2018/01/prominent-islamophobe-pamela-geller-visits-toronto/
http://www.jdl-canada.com/tag/pamela-geller/",,,18/5/2021 8:58am,,,,"Toronto, Ontario, CA",🔵 eyJpIjoiT250YXJpbyIsIm8iOnsic3RhdHVzIjoiT0siLCJmb3JtYXR0ZWRBZGRyZXNzIjoiT250YXJpbywgQ2FuYWRhIiwibGF0Ijo1MS4yNTM3NzUsImxuZyI6LTg1LjMyMzIxNCwiYmxvY2tJbnN0YWxsYXRpb25JZHMiOlsiYmxpc2pVM09mZzR6QWFPd2wiXSwibG9jYXRpb25GaWVsZElkIjoiZmxka2MzQzNDQWM4YlZqdVEifSwiZSI6MTYyMzkxMzExNzMxNn0=,,
"Toronto, Ontario, CA",11/24/17,1274,,,,,Free Speech Rally,Proud Boys,Organized,Toronto,Ontario,CA,https://thehamiltoninstitute.noblogs.org/post/2017/11/26/proud-boys-shut-down-in-brantford-ontario/ https://www.thesputnik.ca/proud-boys-rally-challenged/,,,18/5/2021 8:58am,,,,"Toronto, Ontario, CA",🔵 eyJpIjoiT250YXJpbyIsIm8iOnsic3RhdHVzIjoiT0siLCJmb3JtYXR0ZWRBZGRyZXNzIjoiT250YXJpbywgQ2FuYWRhIiwibGF0Ijo1MS4yNTM3NzUsImxuZyI6LTg1LjMyMzIxNCwiYmxvY2tJbnN0YWxsYXRpb25JZHMiOlsiYmxpc2pVM09mZzR6QWFPd2wiXSwibG9jYXRpb25GaWVsZElkIjoiZmxka2MzQzNDQWM4YlZqdVEifSwiZSI6MTYyMzkxMzExODMwNn0=,,
"Brantford , Ontario, CA",11/21/17,1277,,,,,Wilfrid Laurier Students,Proud Boys,Targeted,Brantford ,Ontario,CA,"https://www.thesputnik.ca/controversy-on-campus-starts-debate/ 
https://www.change.org/p/statement-of-support-for-wlu-campus-antifascist-network-stop-proud-boys-from-intimidating-and-bullying-at-laurier",,,18/5/2021 8:38am,,,,"Brantford , Ontario, CA",🔵 eyJpIjoiT250YXJpbyIsIm8iOnsic3RhdHVzIjoiT0siLCJmb3JtYXR0ZWRBZGRyZXNzIjoiT250YXJpbywgQ2FuYWRhIiwibGF0Ijo1MS4yNTM3NzUsImxuZyI6LTg1LjMyMzIxNCwiYmxvY2tJbnN0YWxsYXRpb25JZHMiOlsiYmxpc2pVM09mZzR6QWFPd2wiXSwibG9jYXRpb25GaWVsZElkIjoiZmxka2MzQzNDQWM4YlZqdVEifSwiZSI6MTYyMzkxMTg5MDQyOH0=,,
"Vancouver, British Columbia, CA",11/12/17,1286,,,,,Staff threatened after member of controversial Proud Boys club assaulted inside Vancouver bar,Proud Boys,Targeted,Vancouver,British Columbia,CA,https://vancouversun.com/news/local-news/vancouver-bar-receives-death-threats-from-proud-boys-supporters-after-altercation,,,18/5/2021 8:58am,,,,"Vancouver, British Columbia, CA",🔵 eyJpIjoiQnJpdGlzaCBDb2x1bWJpYSIsIm8iOnsic3RhdHVzIjoiT0siLCJmb3JtYXR0ZWRBZGRyZXNzIjoiQnJpdGlzaCBDb2x1bWJpYSwgQ2FuYWRhIiwibGF0Ijo1My43MjY2NjgzLCJsbmciOi0xMjcuNjQ3NjIwNSwiYmxvY2tJbnN0YWxsYXRpb25JZHMiOlsiYmxpc2pVM09mZzR6QWFPd2wiXSwibG9jYXRpb25GaWVsZElkIjoiZmxka2MzQzNDQWM4YlZqdVEifSwiZSI6MTYyMzkxMzExNTA2NH0=,,
"Williamsburgh, New York, USA",11/8/17,1290,,,,,Fighting With Media and Academics,Proud Boys,Targeted,Williamsburgh,New York,USA,https://officialproudboys.com/proud-boys/fighting-media-academics/,,,18/5/2021 8:35am,,,,"Williamsburgh, New York, USA",🔵 eyJpIjoiTmV3IFlvcmsiLCJvIjp7InN0YXR1cyI6Ik9LIiwiZm9ybWF0dGVkQWRkcmVzcyI6Ik5ldyBZb3JrLCBOWSwgVVNBIiwibGF0Ijo0MC42OTc0ODgxLCJsbmciOi03My45Nzk2ODEsImJsb2NrSW5zdGFsbGF0aW9uSWRzIjpbImJsaXNqVTNPZmc0ekFhT3dsIl0sImxvY2F0aW9uRmllbGRJZCI6ImZsZGtjM0MzQ0FjOGJWanVRIn0sImUiOjE2MjM5MTE3NTY4MTR9,,
"Brantford , Ontario, CA",10/21/17,1308,,,,,Demonstration in Nathan Phillips Square,Proud Boys,Coattended,Brantford ,Ontario,CA,"https://web.archive.org/web/20171026003155/https://torontoist.com/2017/10/hatewatch-nazis-in-nathan-phillips-square/ 
https://anti-racistcanada.blogspot.com/2017/10/october-21-2017-toronto-anti-government.html https://www.youtube.com/watch?v=iIxIRCir2S0",,,18/5/2021 8:38am,,,,"Brantford , Ontario, CA",🔵 eyJpIjoiT250YXJpbyIsIm8iOnsic3RhdHVzIjoiT0siLCJmb3JtYXR0ZWRBZGRyZXNzIjoiT250YXJpbywgQ2FuYWRhIiwibGF0Ijo1MS4yNTM3NzUsImxuZyI6LTg1LjMyMzIxNCwiYmxvY2tJbnN0YWxsYXRpb25JZHMiOlsiYmxpc2pVM09mZzR6QWFPd2wiXSwibG9jYXRpb25GaWVsZElkIjoiZmxka2MzQzNDQWM4YlZqdVEifSwiZSI6MTYyMzkxMTkyMTk1MH0=,,
"Toronto, Ontario, CA",9/30/17,1329,,,,,Storm Alliance BBQ,Proud Boys,Coattended,Toronto,Ontario,CA,"http://anti-racistcanada.blogspot.com/2017/10/right-wing-reflect-on-september-30th.html  
https://officialproudboys.com/proud-boys/canadian-proud-boys-get-4th-degrees/ https://anti-racistcanada.blogspot.com/2017/09/september-30-anti-governmentanti.html",,,18/5/2021 8:37am,,,,"Toronto, Ontario, CA",🔵 eyJpIjoiT250YXJpbyIsIm8iOnsic3RhdHVzIjoiT0siLCJmb3JtYXR0ZWRBZGRyZXNzIjoiT250YXJpbywgQ2FuYWRhIiwibGF0Ijo1MS4yNTM3NzUsImxuZyI6LTg1LjMyMzIxNCwiYmxvY2tJbnN0YWxsYXRpb25JZHMiOlsiYmxpc2pVM09mZzR6QWFPd2wiXSwibG9jYXRpb25GaWVsZElkIjoiZmxka2MzQzNDQWM4YlZqdVEifSwiZSI6MTYyMzkxMTg3MzQzNH0=,,
"Toronto, Ontario, CA",9/16/17,1343,,,,,Proud Boy Kicked Out From Unlovable Bar,Proud Boys,Individual Group Member Involvement,Toronto,Ontario,CA,https://www.blogto.com/city/2017/09/toronto-bar-proud-boys/,,,19/5/2021 1:11pm,,,,"Toronto, Ontario, CA",🔵 eyJpIjoiT250YXJpbyIsIm8iOnsic3RhdHVzIjoiT0siLCJmb3JtYXR0ZWRBZGRyZXNzIjoiT250YXJpbywgQ2FuYWRhIiwibGF0Ijo1MS4yNTM3NzUsImxuZyI6LTg1LjMyMzIxNCwiYmxvY2tJbnN0YWxsYXRpb25JZHMiOlsiYmxpc2pVM09mZzR6QWFPd2wiXSwibG9jYXRpb25GaWVsZElkIjoiZmxka2MzQzNDQWM4YlZqdVEifSwiZSI6MTYyNDAxNDY3NzAyNH0=,,
"Vancouver, Washington, USA",9/7/17,1352,,,,,Peaceful March For Freedom,Proud Boys,Coattended,Vancouver,Washington,USA,https://www.splcenter.org/hatewatch/2017/09/12/patriot-prayer-rally-again-heavily-outnumbered-again-ends-violence-close-call,,,18/5/2021 8:37am,,,,"Vancouver, Washington, USA",🔵 eyJpIjoiV2FzaGluZ3RvbiIsIm8iOnsic3RhdHVzIjoiT0siLCJmb3JtYXR0ZWRBZGRyZXNzIjoiV2FzaGluZ3RvbiwgVVNBIiwibGF0Ijo0Ny43NTEwNzQxLCJsbmciOi0xMjAuNzQwMTM4NSwiYmxvY2tJbnN0YWxsYXRpb25JZHMiOlsiYmxpc2pVM09mZzR6QWFPd2wiXSwibG9jYXRpb25GaWVsZElkIjoiZmxka2MzQzNDQWM4YlZqdVEifSwiZSI6MTYyMzkxMTgzMDM0MX0=,,
"San Francisco, California, USA",8/26/17,1364,,,,,Free Speech Rally,Proud Boys,Coattended,San Francisco,California,USA,https://www.wweek.com/news/2017/04/26/right-wing-group-plans-free-speech-march-in-wake-of-east-portland-parade-cancellation/,,,18/5/2021 8:38am,,,,"San Francisco, California, USA",🔵 eyJpIjoiQ2FsaWZvcm5pYSIsIm8iOnsic3RhdHVzIjoiT0siLCJmb3JtYXR0ZWRBZGRyZXNzIjoiQ2FsaWZvcm5pYSwgVVNBIiwibGF0IjozNi43NzgyNjEsImxuZyI6LTExOS40MTc5MzI0LCJibG9ja0luc3RhbGxhdGlvbklkcyI6WyJibGlzalUzT2ZnNHpBYU93bCJdLCJsb2NhdGlvbkZpZWxkSWQiOiJmbGRrYzNDM0NBYzhiVmp1USJ9LCJlIjoxNjIzOTExOTEyNDQ3fQ==,,
"Toronto, Ontario, CA",8/23/17,1367,,,,,Protest Against Racism in Front of the US Embassy,Proud Boys,Targeted,Toronto,Ontario,CA,https://anti-racistcanada.blogspot.com/2017/09/guest-article-update-on-white.html https://www.facebook.com/events/120887468559330/?active_tab=discussion,,,18/5/2021 8:38am,,,,"Toronto, Ontario, CA",🔵 eyJpIjoiT250YXJpbyIsIm8iOnsic3RhdHVzIjoiT0siLCJmb3JtYXR0ZWRBZGRyZXNzIjoiT250YXJpbywgQ2FuYWRhIiwibGF0Ijo1MS4yNTM3NzUsImxuZyI6LTg1LjMyMzIxNCwiYmxvY2tJbnN0YWxsYXRpb25JZHMiOlsiYmxpc2pVM09mZzR6QWFPd2wiXSwibG9jYXRpb25GaWVsZElkIjoiZmxka2MzQzNDQWM4YlZqdVEifSwiZSI6MTYyMzkxMTkwNTQ1OX0=,,
"Seattle, Washington, USA",8/15/17,1375,,,,,"Rally
",Proud Boys,Coattended,Seattle,Washington,USA,https://www.splcenter.org/hatewatch/2017/08/15/seattle-patriot-prayer-rally-takes-twist-leader-gibson-denounces-supremacists,,,18/5/2021 8:38am,,,,"Seattle, Washington, USA",🔵 eyJpIjoiV2FzaGluZ3RvbiIsIm8iOnsic3RhdHVzIjoiT0siLCJmb3JtYXR0ZWRBZGRyZXNzIjoiV2FzaGluZ3RvbiwgVVNBIiwibGF0Ijo0Ny43NTEwNzQxLCJsbmciOi0xMjAuNzQwMTM4NSwiYmxvY2tJbnN0YWxsYXRpb25JZHMiOlsiYmxpc2pVM09mZzR6QWFPd2wiXSwibG9jYXRpb25GaWVsZElkIjoiZmxka2MzQzNDQWM4YlZqdVEifSwiZSI6MTYyMzkxMTkwODQyN30=,,
"Charlottesville, Virginia, USA",8/11/17,1379,,,,,Unite the Right,Proud Boys,Coattended,Charlottesville,Virginia,USA,https://www.vox.com/2017/8/12/16138246/charlottesville-nazi-rally-right-uva,,,18/5/2021 8:44am,,,,"Charlottesville, Virginia, USA",🔵 eyJpIjoiVmlyZ2luaWEiLCJvIjp7InN0YXR1cyI6Ik9LIiwiZm9ybWF0dGVkQWRkcmVzcyI6IlZpcmdpbmlhLCBVU0EiLCJsYXQiOjM3LjQzMTU3MzQsImxuZyI6LTc4LjY1Njg5NDIsImJsb2NrSW5zdGFsbGF0aW9uSWRzIjpbImJsaXNqVTNPZmc0ekFhT3dsIl0sImxvY2F0aW9uRmllbGRJZCI6ImZsZGtjM0MzQ0FjOGJWanVRIn0sImUiOjE2MjM5MTIyNTQ5MTV9,,
"Toronto, Ontario, CA",8/10/17,1380,,,,,Ottowa Against Fascism,Proud Boys,Coattended,Toronto,Ontario,CA,https://anti-racistcanada.blogspot.com/2017/09/guest-article-update-on-white.html,,,18/5/2021 8:38am,,,,"Toronto, Ontario, CA",🔵 eyJpIjoiT250YXJpbyIsIm8iOnsic3RhdHVzIjoiT0siLCJmb3JtYXR0ZWRBZGRyZXNzIjoiT250YXJpbywgQ2FuYWRhIiwibGF0Ijo1MS4yNTM3NzUsImxuZyI6LTg1LjMyMzIxNCwiYmxvY2tJbnN0YWxsYXRpb25JZHMiOlsiYmxpc2pVM09mZzR6QWFPd2wiXSwibG9jYXRpb25GaWVsZElkIjoiZmxka2MzQzNDQWM4YlZqdVEifSwiZSI6MTYyMzkxMTg4MjQ5MX0=,,
"Portland, Oregon, USA",8/7/17,1383,,,,,Anti Left Rally,Proud Boys,Coattended,Portland,Oregon,USA,https://www.nbcnews.com/news/us-news/anti-muslim-act-america-stage-marches-against-sharia-law-nationwide-n767386,,,18/5/2021 8:43am,,,,"Portland, Oregon, USA",🔵 eyJpIjoiT3JlZ29uIiwibyI6eyJzdGF0dXMiOiJPSyIsImZvcm1hdHRlZEFkZHJlc3MiOiJPcmVnb24sIFVTQSIsImxhdCI6NDMuODA0MTMzNCwibG5nIjotMTIwLjU1NDIwMTIsImJsb2NrSW5zdGFsbGF0aW9uSWRzIjpbImJsaXNqVTNPZmc0ekFhT3dsIl0sImxvY2F0aW9uRmllbGRJZCI6ImZsZGtjM0MzQ0FjOGJWanVRIn0sImUiOjE2MjM5MTIyMjg0MDB9,,
"Portland, Oregon, USA",8/6/17,1384,,,,,Freedom Rally,Proud Boys,Coattended,Portland,Oregon,USA,https://www.portlandmercury.com/blogtown/2017/08/06/19216029/fights-on-the-waterfront-photosvideo-from-sundays-right-wing-rally-and-left-wing-protest,,,18/5/2021 8:35am,,,,"Portland, Oregon, USA",🔵 eyJpIjoiT3JlZ29uIiwibyI6eyJzdGF0dXMiOiJPSyIsImZvcm1hdHRlZEFkZHJlc3MiOiJPcmVnb24sIFVTQSIsImxhdCI6NDMuODA0MTMzNCwibG5nIjotMTIwLjU1NDIwMTIsImJsb2NrSW5zdGFsbGF0aW9uSWRzIjpbImJsaXNqVTNPZmc0ekFhT3dsIl0sImxvY2F0aW9uRmllbGRJZCI6ImZsZGtjM0MzQ0FjOGJWanVRIn0sImUiOjE2MjM5MTE3MzY4NTl9,,
"Toronto, Ontario, CA",7/15/17,1406,,,,,Rally For the Halifax Five,Proud Boys,Coattended,Toronto,Ontario,CA,"https://torontoist.com/2017/07/anti-fascists-disrupt-proud-boys-rally-queens-park/ https://thevarsity.ca/2017/07/25/why-is-students-in-support-of-free-speech-defending-the-proud-boys/ https://www.youtube.com/watch?v=wgK3HFfrOrc
",,,18/5/2021 8:59am,,,,"Toronto, Ontario, CA",🔵 eyJpIjoiT250YXJpbyIsIm8iOnsic3RhdHVzIjoiT0siLCJmb3JtYXR0ZWRBZGRyZXNzIjoiT250YXJpbywgQ2FuYWRhIiwibGF0Ijo1MS4yNTM3NzUsImxuZyI6LTg1LjMyMzIxNCwiYmxvY2tJbnN0YWxsYXRpb25JZHMiOlsiYmxpc2pVM09mZzR6QWFPd2wiXSwibG9jYXRpb25GaWVsZElkIjoiZmxka2MzQzNDQWM4YlZqdVEifSwiZSI6MTYyMzkxMzE1MTI4OH0=,,
"Tompkins, New York, USA",7/14/17,1407,,,,,Ride Along Caravan,Proud Boys,Coattended,Tompkins,New York,USA,https://www.thedailybeast.com/trump-supporting-bigots-to-target-upstate-new-york-muslims,,,18/5/2021 8:37am,,,,"Tompkins, New York, USA",🔵 eyJpIjoiTmV3IFlvcmsiLCJvIjp7InN0YXR1cyI6Ik9LIiwiZm9ybWF0dGVkQWRkcmVzcyI6Ik5ldyBZb3JrLCBOWSwgVVNBIiwibGF0Ijo0MC42OTc0ODgxLCJsbmciOi03My45Nzk2ODEsImJsb2NrSW5zdGFsbGF0aW9uSWRzIjpbImJsaXNqVTNPZmc0ekFhT3dsIl0sImxvY2F0aW9uRmllbGRJZCI6ImZsZGtjM0MzQ0FjOGJWanVRIn0sImUiOjE2MjM5MTE4NTc0MjV9,,
"San Deigo, California, USA",7/3/17,1418,,,,,March For Impeachment,Proud Boys,Targeted,San Deigo,California,USA,https://www.splcenter.org/hatewatch/2017/08/25/what-you-need-know-about-saturdays-patriot-rally-san-francisco,,,18/5/2021 8:39am,,,,"San Deigo, California, USA",🔵 eyJpIjoiQ2FsaWZvcm5pYSIsIm8iOnsic3RhdHVzIjoiT0siLCJmb3JtYXR0ZWRBZGRyZXNzIjoiQ2FsaWZvcm5pYSwgVVNBIiwibGF0IjozNi43NzgyNjEsImxuZyI6LTExOS40MTc5MzI0LCJibG9ja0luc3RhbGxhdGlvbklkcyI6WyJibGlzalUzT2ZnNHpBYU93bCJdLCJsb2NhdGlvbkZpZWxkSWQiOiJmbGRrYzNDM0NBYzhiVmp1USJ9LCJlIjoxNjIzOTExOTQwNDYwfQ==,,
"Halifax, Nova Scotia, CA",7/1/17,1420,,,,,Indigenous People's Protest,Proud Boys,Targeted,Halifax,Nova Scotia,CA,https://www.cbc.ca/news/canada/nova-scotia/proud-boys-canadian-military-indigenous-protest-disrupted-1.4189615,,,18/5/2021 8:38am,,,,"Halifax, Nova Scotia, CA",🔵 eyJpIjoiTm92YSBTY290aWEiLCJvIjp7InN0YXR1cyI6Ik9LIiwiZm9ybWF0dGVkQWRkcmVzcyI6Ik5vdmEgU2NvdGlhLCBDYW5hZGEiLCJsYXQiOjQ0LjY4MTk4NjU5OTk5OTk5LCJsbmciOi02My43NDQzMTEsImJsb2NrSW5zdGFsbGF0aW9uSWRzIjpbImJsaXNqVTNPZmc0ekFhT3dsIl0sImxvY2F0aW9uRmllbGRJZCI6ImZsZGtjM0MzQ0FjOGJWanVRIn0sImUiOjE2MjM5MTE4OTY2NDB9,,
"Portland, Oregon, USA",6/30/17,1421,,,,,1 Skull Fracture,Proud Boys,Coattended,Portland,Oregon,USA,https://www.wweek.com/news/courts/2018/07/04/maga-mayhem-fractures-a-mans-skull-as-right-wing-marchers-test-the-limits-of-free-speech-in-portland/,,,18/5/2021 8:38am,,,,"Portland, Oregon, USA",🔵 eyJpIjoiT3JlZ29uIiwibyI6eyJzdGF0dXMiOiJPSyIsImZvcm1hdHRlZEFkZHJlc3MiOiJPcmVnb24sIFVTQSIsImxhdCI6NDMuODA0MTMzNCwibG5nIjotMTIwLjU1NDIwMTIsImJsb2NrSW5zdGFsbGF0aW9uSWRzIjpbImJsaXNqVTNPZmc0ekFhT3dsIl0sImxvY2F0aW9uRmllbGRJZCI6ImZsZGtjM0MzQ0FjOGJWanVRIn0sImUiOjE2MjM5MTE5MDc0NjF9,,
"Calgary, Alberta, CA",6/25/17,1426,,,,,Patriotic Unity Mega Festival,Proud Boys,Coattended,Calgary,Alberta,CA,https://anti-racistcanada.blogspot.com/2017/07/july-2017-bits-and-bites-part-ii.html https://anti-racistcanada.blogspot.com/2017/10/islamophobe-infighting-part-ive-lost.html,,,18/5/2021 8:44am,,,,"Calgary, Alberta, CA",🔵 eyJpIjoiQWxiZXJ0YSIsIm8iOnsic3RhdHVzIjoiT0siLCJmb3JtYXR0ZWRBZGRyZXNzIjoiQWxiZXJ0YSwgQ2FuYWRhIiwibGF0Ijo1My45MzMyNzA2LCJsbmciOi0xMTYuNTc2NTAzNSwiYmxvY2tJbnN0YWxsYXRpb25JZHMiOlsiYmxpc2pVM09mZzR6QWFPd2wiXSwibG9jYXRpb25GaWVsZElkIjoiZmxka2MzQzNDQWM4YlZqdVEifSwiZSI6MTYyMzkxMjI1MDMzM30=,,
"Toronto, Ontario, CA",6/17/17,1434,,,,,Rebel Live,Proud Boys,Coattended,Toronto,Ontario,CA,https://www.therebel.media/the_rebel_live_june_17_2017,,,19/5/2021 1:10pm,,,,"Toronto, Ontario, CA",🔵 eyJpIjoiT250YXJpbyIsIm8iOnsic3RhdHVzIjoiT0siLCJmb3JtYXR0ZWRBZGRyZXNzIjoiT250YXJpbywgQ2FuYWRhIiwibGF0Ijo1MS4yNTM3NzUsImxuZyI6LTg1LjMyMzIxNCwiYmxvY2tJbnN0YWxsYXRpb25JZHMiOlsiYmxpc2pVM09mZzR6QWFPd2wiXSwibG9jYXRpb25GaWVsZElkIjoiZmxka2MzQzNDQWM4YlZqdVEifSwiZSI6MTYyNDAxNDY0ODg5N30=,,
"Olympia, Washington, USA",6/17/17,1434,,,,,Free Speech Rally,Proud Boys,Coattended,Olympia,Washington,USA,https://www.splcenter.org/hatewatch/2017/06/16/evergreen-state-protest-patriot-group-dwarfed-angry-response,,,18/5/2021 8:38am,,,,"Olympia, Washington, USA",🔵 eyJpIjoiV2FzaGluZ3RvbiIsIm8iOnsic3RhdHVzIjoiT0siLCJmb3JtYXR0ZWRBZGRyZXNzIjoiV2FzaGluZ3RvbiwgVVNBIiwibGF0Ijo0Ny43NTEwNzQxLCJsbmciOi0xMjAuNzQwMTM4NSwiYmxvY2tJbnN0YWxsYXRpb25JZHMiOlsiYmxpc2pVM09mZzR6QWFPd2wiXSwibG9jYXRpb25GaWVsZElkIjoiZmxka2MzQzNDQWM4YlZqdVEifSwiZSI6MTYyMzkxMTkzNzQzNH0=,,
"Olympia, Washington, USA",6/16/17,1435,,,,,Free Speech Rally,Proud Boys,Coattended,Olympia,Washington,USA,https://pdxactivist.org/events/977,,,19/5/2021 1:11pm,,,,"Olympia, Washington, USA",🔵 eyJpIjoiV2FzaGluZ3RvbiIsIm8iOnsic3RhdHVzIjoiT0siLCJmb3JtYXR0ZWRBZGRyZXNzIjoiV2FzaGluZ3RvbiwgVVNBIiwibGF0Ijo0Ny43NTEwNzQxLCJsbmciOi0xMjAuNzQwMTM4NSwiYmxvY2tJbnN0YWxsYXRpb25JZHMiOlsiYmxpc2pVM09mZzR6QWFPd2wiXSwibG9jYXRpb25GaWVsZElkIjoiZmxka2MzQzNDQWM4YlZqdVEifSwiZSI6MTYyNDAxNDY2NjA2MH0=,,
"Manhattan, New York, USA",6/10/17,1441,,,,,March Against Sharia,Proud Boys,Coattended,Manhattan,New York,USA,https://www.haaretz.com/us-news/.premium-meet-the-chauvinists-providing-security-at-rightist-events-1.5485429,,,18/5/2021 8:43am,,,,"Manhattan, New York, USA",🔵 eyJpIjoiTmV3IFlvcmsiLCJvIjp7InN0YXR1cyI6Ik9LIiwiZm9ybWF0dGVkQWRkcmVzcyI6Ik5ldyBZb3JrLCBOWSwgVVNBIiwibGF0Ijo0MC43MTI3NzUzLCJsbmciOi03NC4wMDU5NzI4LCJibG9ja0luc3RhbGxhdGlvbklkcyI6WyJibGlzalUzT2ZnNHpBYU93bCJdLCJsb2NhdGlvbkZpZWxkSWQiOiJmbGRrYzNDM0NBYzhiVmp1USJ9LCJlIjoxNjIzOTEyMjM3NTM3fQ==,,
"Seattle, Washington, USA",6/10/17,1441,,,,,March Against Sharia,Proud Boys,Coattended,Seattle,Washington,USA,http://www.seattleweekly.com/news/the-counter-protesters-have-asked-for-an-investigation-of-spds-tactics/,,,19/5/2021 1:10pm,,,,"Seattle, Washington, USA",🔵 eyJpIjoiV2FzaGluZ3RvbiIsIm8iOnsic3RhdHVzIjoiT0siLCJmb3JtYXR0ZWRBZGRyZXNzIjoiV2FzaGluZ3RvbiwgVVNBIiwibGF0Ijo0Ny43NTEwNzQxLCJsbmciOi0xMjAuNzQwMTM4NSwiYmxvY2tJbnN0YWxsYXRpb25JZHMiOlsiYmxpc2pVM09mZzR6QWFPd2wiXSwibG9jYXRpb25GaWVsZElkIjoiZmxka2MzQzNDQWM4YlZqdVEifSwiZSI6MTYyNDAxNDY1OTA0OX0=,,
"Ottawa, Ontario, CA",6/3/17,1448,,,,,Deplorables March Against Trudeau,Proud Boys,Coattended,Ottawa,Ontario,CA,https://www.vice.com/en/article/ned5xz/breitbarts-coverage-of-a-canadian-pro-trump-rally-relies-on-some-alternative-facts,https://www.buzzfeed.com/ishmaeldaro/us-conservative-outlets-exaggerate-protest-size-in-ottawa,,18/5/2021 8:36am,,,,"Ottawa, Ontario, CA",🔵 eyJpIjoiT250YXJpbyIsIm8iOnsic3RhdHVzIjoiT0siLCJmb3JtYXR0ZWRBZGRyZXNzIjoiT250YXJpbywgQ2FuYWRhIiwibGF0Ijo1MS4yNTM3NzUsImxuZyI6LTg1LjMyMzIxNCwiYmxvY2tJbnN0YWxsYXRpb25JZHMiOlsiYmxpc2pVM09mZzR6QWFPd2wiXSwibG9jYXRpb25GaWVsZElkIjoiZmxka2MzQzNDQWM4YlZqdVEifSwiZSI6MTYyMzkxMTgxNzgyM30=,,
"Portland, Oregon, USA",6/2/17,1449,,,,,Free Speech Rally,Proud Boys,Coattended,Portland,Oregon,USA,https://www.washingtonpost.com/national/right-wing-free-speech-rally-draws-massive-counter-protests-in-portland/2017/06/04/12971892-496f-11e7-9669-250d0b15f83b_story.html?utm_term=.ae4bf8455222,,,18/5/2021 8:58am,,,,"Portland, Oregon, USA",🔵 eyJpIjoiT3JlZ29uIiwibyI6eyJzdGF0dXMiOiJPSyIsImZvcm1hdHRlZEFkZHJlc3MiOiJPcmVnb24sIFVTQSIsImxhdCI6NDMuODA0MTMzNCwibG5nIjotMTIwLjU1NDIwMTIsImJsb2NrSW5zdGFsbGF0aW9uSWRzIjpbImJsaXNqVTNPZmc0ekFhT3dsIl0sImxvY2F0aW9uRmllbGRJZCI6ImZsZGtjM0MzQ0FjOGJWanVRIn0sImUiOjE2MjM5MTMxMzE4MDl9,,
"Portland, Oregon, USA",5/26/17,1456,,,,,Portland Train Attack,"Proud Boys,Patriot Prayer",Individual Group Member Involvement,Portland,Oregon,USA,https://en.wikipedia.org/wiki/2017_Portland_train_attack,,,18/5/2021 8:38am,,,,"Portland, Oregon, USA",🔵 eyJpIjoiT3JlZ29uIiwibyI6eyJzdGF0dXMiOiJPSyIsImZvcm1hdHRlZEFkZHJlc3MiOiJPcmVnb24sIFVTQSIsImxhdCI6NDMuODA0MTMzNCwibG5nIjotMTIwLjU1NDIwMTIsImJsb2NrSW5zdGFsbGF0aW9uSWRzIjpbImJsaXNqVTNPZmc0ekFhT3dsIl0sImxvY2F0aW9uRmllbGRJZCI6ImZsZGtjM0MzQ0FjOGJWanVRIn0sImUiOjE2MjM5MTE5MDI0Mzd9,,
"Berkeley, California, USA",4/17/17,1495,,,,,Melee,Proud Boys,Organized,Berkeley,California,USA,https://sanfrancisco.cbslocal.com/2017/04/15/proudboys-berkeley-violence-trump/,,,18/5/2021 8:38am,,,,"Berkeley, California, USA",🔵 eyJpIjoiQ2FsaWZvcm5pYSIsIm8iOnsic3RhdHVzIjoiT0siLCJmb3JtYXR0ZWRBZGRyZXNzIjoiQ2FsaWZvcm5pYSwgVVNBIiwibGF0IjozNi43NzgyNjEsImxuZyI6LTExOS40MTc5MzI0LCJibG9ja0luc3RhbGxhdGlvbklkcyI6WyJibGlzalUzT2ZnNHpBYU93bCJdLCJsb2NhdGlvbkZpZWxkSWQiOiJmbGRrYzNDM0NBYzhiVmp1USJ9LCJlIjoxNjIzOTExODk4NTgwfQ==,,
"Toronto, Ontario, CA",4/6/17,1506,,,,,Journalist Assaulted,"Proud Boys,Soldiers of Odin,Jewish Defence League,Three Percenters,Suffragettes Against Silence,Cultural Action Party ,Anti-Communist Action",Coattended,Toronto,Ontario,CA,"http://anti-racistcanada.blogspot.com/2017/05/journalist-assaulted-by-anti-muslim.html https://www.cjfe.org/cjfe_statement_on_the_assault_of_an_employee_by_right_wing_extremists
https://www.youtube.com/watch?v=dyLOFsg7Jo0",,,18/5/2021 8:38am,,,,"Toronto, Ontario, CA",🔵 eyJpIjoiT250YXJpbyIsIm8iOnsic3RhdHVzIjoiT0siLCJmb3JtYXR0ZWRBZGRyZXNzIjoiT250YXJpbywgQ2FuYWRhIiwibGF0Ijo1MS4yNTM3NzUsImxuZyI6LTg1LjMyMzIxNCwiYmxvY2tJbnN0YWxsYXRpb25JZHMiOlsiYmxpc2pVM09mZzR6QWFPd2wiXSwibG9jYXRpb25GaWVsZElkIjoiZmxka2MzQzNDQWM4YlZqdVEifSwiZSI6MTYyMzkxMTkxNTk1M30=,,
"Ottawa, Ontario, CA",4/3/17,1509,,,,,Canadian Democracy In Action,"Proud Boys,Canadian Coalition of Concerned Citizens,Soldiers of Odin",Coattended,Ottawa,Ontario,CA,https://anti-racistcanada.blogspot.com/2017/05/what-was-learned-from-islamophobe-rally.html https://www.youtube.com/watch?v=leH4CxTNY14,,,19/5/2021 1:11pm,,,,"Ottawa, Ontario, CA",🔵 eyJpIjoiT250YXJpbyIsIm8iOnsic3RhdHVzIjoiT0siLCJmb3JtYXR0ZWRBZGRyZXNzIjoiT250YXJpbywgQ2FuYWRhIiwibGF0Ijo1MS4yNTM3NzUsImxuZyI6LTg1LjMyMzIxNCwiYmxvY2tJbnN0YWxsYXRpb25JZHMiOlsiYmxpc2pVM09mZzR6QWFPd2wiXSwibG9jYXRpb25GaWVsZElkIjoiZmxka2MzQzNDQWM4YlZqdVEifSwiZSI6MTYyNDAxNDY2MDAzNH0=,,
"Washington, DC, USA",3/22/17,1521,,,,,AIPAC Palestinian Man Assaulted ,Proud Boys,Individual Group Member Involvement,Washington,DC,USA,http://anti-racistcanada.blogspot.com/2018/04/ottawa-proud-boy-member-brandon-vaughan.html,,,18/5/2021 8:58am,,,,"Washington, DC, USA",🔵 eyJpIjoiREMiLCJvIjp7InN0YXR1cyI6Ik9LIiwiZm9ybWF0dGVkQWRkcmVzcyI6IjkwNiBTaWdnaW5zIFN0LCBDb2ZmZXl2aWxsZSwgS1MgNjczMzcsIFVTQSIsImxhdCI6MzcuMDM0NDU5NCwibG5nIjotOTUuNjU0MDEwMzk5OTk5OTksImJsb2NrSW5zdGFsbGF0aW9uSWRzIjpbImJsaXNqVTNPZmc0ekFhT3dsIl0sImxvY2F0aW9uRmllbGRJZCI6ImZsZGtjM0MzQ0FjOGJWanVRIn0sImUiOjE2MjM5MTMxMjk3MTV9,,
"Berkeley, California, USA",3/4/17,1539,,Pro Trump,,,March for Trump,Proud Boys,Coattended,Berkeley,California,USA,https://www.washingtonpost.com/news/post-nation/wp/2017/03/05/pro-trump-rally-in-berkeley-turns-violent-as-protesters-clash-with-the-presidents-supporters/?utm_term=.997df634d9af,,,18/5/2021 8:36am,,,,"Berkeley, California, USA",🔵 eyJpIjoiQ2FsaWZvcm5pYSIsIm8iOnsic3RhdHVzIjoiT0siLCJmb3JtYXR0ZWRBZGRyZXNzIjoiQ2FsaWZvcm5pYSwgVVNBIiwibGF0IjozNi43NzgyNjEsImxuZyI6LTExOS40MTc5MzI0LCJibG9ja0luc3RhbGxhdGlvbklkcyI6WyJibGlzalUzT2ZnNHpBYU93bCJdLCJsb2NhdGlvbkZpZWxkSWQiOiJmbGRrYzNDM0NBYzhiVmp1USJ9LCJlIjoxNjIzOTExODExODIwfQ==,,
"Berkeley, California, USA",2/2/17,1569,Assault,,,,Milo Protests,Proud Boys,Coattended,Berkeley,California,USA,http://www.dailycal.org/2018/01/31/became-game-reflecting-1-year-milo-yiannopoulos-protests/,,,18/5/2021 8:36am,,,,"Berkeley, California, USA",🔵 eyJpIjoiQ2FsaWZvcm5pYSIsIm8iOnsic3RhdHVzIjoiT0siLCJmb3JtYXR0ZWRBZGRyZXNzIjoiQ2FsaWZvcm5pYSwgVVNBIiwibGF0IjozNi43NzgyNjEsImxuZyI6LTExOS40MTc5MzI0LCJibG9ja0luc3RhbGxhdGlvbklkcyI6WyJibGlzalUzT2ZnNHpBYU93bCJdLCJsb2NhdGlvbkZpZWxkSWQiOiJmbGRrYzNDM0NBYzhiVmp1USJ9LCJlIjoxNjIzOTExNzc2NzM3fQ==,,
"New York, New York, USA",2/2/17,1569,"Instigation,Clash",,,,Proud Boys clash with Antifascists outside of Kimmel Hall,"Proud Boys,NYU College Republicans",Targeted,New York,New York,USA,https://web.archive.org/web/20170320150155/http://gothamist.com/2017/02/03/nyu_proud_boy_protest.php,,,18/5/2021 8:37am,,,,"New York, New York, USA",🔵 eyJpIjoiTmV3IFlvcmsiLCJvIjp7InN0YXR1cyI6Ik9LIiwiZm9ybWF0dGVkQWRkcmVzcyI6Ik5ldyBZb3JrLCBOWSwgVVNBIiwibGF0Ijo0MC42OTc0ODgxLCJsbmciOi03My45Nzk2ODEsImJsb2NrSW5zdGFsbGF0aW9uSWRzIjpbImJsaXNqVTNPZmc0ekFhT3dsIl0sImxvY2F0aW9uRmllbGRJZCI6ImZsZGtjM0MzQ0FjOGJWanVRIn0sImUiOjE2MjM5MTE4MjEzMjN9,,
"Washington, DC, USA",1/19/17,1583,"Propaganda,Clash",,,,Deploraball,Proud Boys,Organized,Washington,DC,USA,https://www.newyorker.com/magazine/2017/02/06/trump-supporters-at-the-deploraball,,,18/5/2021 8:36am,,,,"Washington, DC, USA",🔵 eyJpIjoiREMiLCJvIjp7InN0YXR1cyI6Ik9LIiwiZm9ybWF0dGVkQWRkcmVzcyI6IjkwNiBTaWdnaW5zIFN0LCBDb2ZmZXl2aWxsZSwgS1MgNjczMzcsIFVTQSIsImxhdCI6MzcuMDM0NDU5NCwibG5nIjotOTUuNjU0MDEwMzk5OTk5OTksImJsb2NrSW5zdGFsbGF0aW9uSWRzIjpbImJsaXNqVTNPZmc0ekFhT3dsIl0sImxvY2F0aW9uRmllbGRJZCI6ImZsZGtjM0MzQ0FjOGJWanVRIn0sImUiOjE2MjM5MTE3OTAzMzd9,,
"New York, New York, USA",10/6/16,1688,"Harrasment,Intimidation,Recruitment",,,,Lucian Wintrich's Twinks For Trump Art Installation,"Proud Boys,Twinks For Trump",Coattended,New York,New York,USA,"http://idavox.com/index.php/2016/10/12/twink4trump-and-their-pseudo-art-show-or-daddywillsaveus/
https://thepiratebay.org/torrent/16010435",,,19/5/2021 1:10pm,,,,"New York, New York, USA",🔵 eyJpIjoiTmV3IFlvcmsiLCJvIjp7InN0YXR1cyI6Ik9LIiwiZm9ybWF0dGVkQWRkcmVzcyI6Ik5ldyBZb3JrLCBOWSwgVVNBIiwibGF0Ijo0MC43MTI3NzUzLCJsbmciOi03NC4wMDU5NzI4LCJibG9ja0luc3RhbGxhdGlvbklkcyI6WyJibGlzalUzT2ZnNHpBYU93bCJdLCJsb2NhdGlvbkZpZWxkSWQiOiJmbGRrYzNDM0NBYzhiVmp1USJ9LCJlIjoxNjI0MDE0NjQ3NTIzfQ==,,
"Washington, DC, USA",1/6/21,135,"Terrorist Attack,Protest,Foiled Terrorist Attack,Bomb,Arrest,Election Interference,Attempted Coup,Disruption of Political Institution",Pro Trump,5,51,"A series of events in Washington DC including storming of the capitol by right wing militias disrupting the Congressional certification of the electoral college votes. Calls for hanging VP Mike Pence have been heard. Shots have been fired inside the chamber. The National Guard has been activated on request from the Mayor of DC. One person was shot inside the capitol and has been declared dead according to law enforcement sources. At least 50 cops were injured, 15 hospitalized and one in critical condition",Proud Boys,,Washington,DC,USA,https://www.nytimes.com/live/2021/01/06/us/electoral-vote#protesters-capitol-hill,https://www.vox.com/22218446/capitol-police-mob-trump-storming-washington-dc,,3/5/2021 3:52pm,,,,"Washington, DC, USA",🔵 eyJpIjoiREMiLCJvIjp7InN0YXR1cyI6Ik9LIiwiZm9ybWF0dGVkQWRkcmVzcyI6Ildhc2hpbmd0b24sIERDLCBVU0EiLCJsYXQiOjM4LjkwNzE5MjMsImxuZyI6LTc3LjAzNjg3MDcsImJsb2NrSW5zdGFsbGF0aW9uSWRzIjpbImJsaXNqVTNPZmc0ekFhT3dsIl0sImxvY2F0aW9uRmllbGRJZCI6ImZsZGtjM0MzQ0FjOGJWanVRIn0sImUiOjE2MjI2NDE5MzQwMjN9,,
"Olympia, Washington, USA",1/6/21,135,"Terrorist Attack,Foiled Terrorist Attack,Disruption of Political Institution",Pro Trump,0,,"At the state capitol in Olympia, Washington, ""Stop the steal demonstrators attempt to tear down the gate to the governor's house in Olympia, Washington."" 
Reported by Devin Burghart ",Proud Boys,,Olympia,Washington,USA,https://twitter.com/dburghart/status/1346953921881726982?s=21,https://www.facebook.com/BardsEyeNews/videos/456913575311121/,,3/5/2021 3:52pm,,,,"Olympia, Washington, USA",🔵 eyJpIjoiV2FzaGluZ3RvbiIsIm8iOnsic3RhdHVzIjoiT0siLCJmb3JtYXR0ZWRBZGRyZXNzIjoiV2FzaGluZ3RvbiwgVVNBIiwibGF0Ijo0Ny43NTEwNzQxLCJsbmciOi0xMjAuNzQwMTM4NSwiYmxvY2tJbnN0YWxsYXRpb25JZHMiOlsiYmxpc2pVM09mZzR6QWFPd2wiXSwibG9jYXRpb25GaWVsZElkIjoiZmxka2MzQzNDQWM4YlZqdVEifSwiZSI6MTYyMjY0MTkyNjM5Nn0=,,
"Richmond, Virginia, USA",1/20/20,487,March,,,,"Tens of thousand of people, among which were members of Proud Boys and Three Percenters, gathered in a demonstration against guns restrictions. It was estimated that about 70% of the protesters were carrying weapons during the protest. ","Proud Boys,Three Percenters",,Richmond,Virginia,USA,https://www.theguardian.com/us-news/2020/jan/20/virginia-gun-rally-activists-richmond,https://www.bbc.com/news/world-us-canada-51180452,,3/5/2021 3:52pm,,,,"Richmond, Virginia, USA",🔵 eyJpIjoiVmlyZ2luaWEiLCJvIjp7InN0YXR1cyI6Ik9LIiwiZm9ybWF0dGVkQWRkcmVzcyI6IlZpcmdpbmlhLCBVU0EiLCJsYXQiOjM3LjQzMTU3MzQsImxuZyI6LTc4LjY1Njg5NDIsImJsb2NrSW5zdGFsbGF0aW9uSWRzIjpbImJsaXNqVTNPZmc0ekFhT3dsIl0sImxvY2F0aW9uRmllbGRJZCI6ImZsZGtjM0MzQ0FjOGJWanVRIn0sImUiOjE2MjI2NDE5MzI2MTN9,,